全国地方公共団体コード,都道府県名,市区町村名,集計時点_年月日,曜日,日別の感染者数
330001,岡山県,岡山市,2020/3/22,日,1
330001,岡山県,,2020/3/23,月,
330001,岡山県,,2020/3/24,火,
330001,岡山県,,2020/3/25,水,
330001,岡山県,,2020/3/26,木,
330001,岡山県,里庄町,2020/3/27,金,1
330001,岡山県,岡山市,2020/3/28,土,1
330001,岡山県,,2020/3/29,日,
330001,岡山県,玉野市,2020/3/30,月,1
330001,岡山県,,2020/3/31,火,
330001,岡山県,早島町,2020/4/1,水,1
330001,岡山県,早島町、早島町,2020/4/2,木,2
330001,岡山県,岡山市、岡山市,2020/4/3,金,2
330001,岡山県,岡山市,2020/4/4,土,1
330001,岡山県,岡山市,2020/4/5,日,1
330001,岡山県,,2020/4/6,月,
330001,岡山県,岡山市,2020/4/7,火,1
330001,岡山県,東京都、岡山市,2020/4/8,水,2
330001,岡山県,岡山市,2020/4/9,木,1
330001,岡山県,,2020/4/10,金,
330001,岡山県,,2020/4/11,土,
330001,岡山県,,2020/4/12,日,
330001,岡山県,,2020/4/13,月,
330001,岡山県,岡山市,2020/4/14,火,1
330001,岡山県,,2020/4/15,水,
330001,岡山県,岡山市,2020/4/16,木,1
330001,岡山県,岡山市,2020/4/17,金,1
330001,岡山県,,2020/4/18,土,
330001,岡山県,岡山市,2020/4/19,日,1
330001,岡山県,,2020/4/20,月,
330001,岡山県,,2020/4/21,火,
330001,岡山県,,2020/4/22,水,
330001,岡山県,,2020/4/23,木,
330001,岡山県,岡山市、津山市,2020/4/24,金,2
330001,岡山県,,2020/4/25,土,
330001,岡山県,津山市,2020/4/26,日,1
330001,岡山県,,2020/4/27,月,
330001,岡山県,,2020/4/28,火,
330001,岡山県,岡山市,2020/4/29,水,1
330001,岡山県,,2020/4/30,木,
330001,岡山県,,2020/5/1,金,
330001,岡山県,,2020/5/2,土,
330001,岡山県,,2020/5/3,日,
330001,岡山県,,2020/5/4,月,
330001,岡山県,,2020/5/5,火,
330001,岡山県,,2020/5/6,水,
330001,岡山県,,2020/5/7,木,
330001,岡山県,倉敷市,2020/5/8,金,1
330001,岡山県,,2020/5/9,土,
330001,岡山県,,2020/5/10,日,
330001,岡山県,他県,2020/5/11,月,1
330001,岡山県,,2020/5/12,火,
330001,岡山県,,2020/5/13,水,
330001,岡山県,,2020/5/14,木,
330001,岡山県,,2020/5/15,金,
330001,岡山県,,2020/5/16,土,
330001,岡山県,,2020/5/17,日,
330001,岡山県,,2020/5/18,月,
330001,岡山県,,2020/5/19,火,
330001,岡山県,,2020/5/20,水,
330001,岡山県,,2020/5/21,木,
330001,岡山県,,2020/5/22,金,
330001,岡山県,,2020/5/23,土,
330001,岡山県,,2020/5/24,日,
330001,岡山県,,2020/5/25,月,
330001,岡山県,,2020/5/26,火,
330001,岡山県,,2020/5/27,水,
330001,岡山県,,2020/5/28,木,
330001,岡山県,,2020/5/29,金,
330001,岡山県,,2020/5/30,土,
330001,岡山県,,2020/5/31,日,
330001,岡山県,,2020/6/1,月,
330001,岡山県,,2020/6/2,火,
330001,岡山県,,2020/6/3,水,
330001,岡山県,,2020/6/4,木,
330001,岡山県,,2020/6/5,金,
330001,岡山県,,2020/6/6,土,
330001,岡山県,,2020/6/7,日,
330001,岡山県,,2020/6/8,月,
330001,岡山県,,2020/6/9,火,
330001,岡山県,,2020/6/10,水,
330001,岡山県,,2020/6/11,木,
330001,岡山県,,2020/6/12,金,
330001,岡山県,,2020/6/13,土,
330001,岡山県,,2020/6/14,日,
330001,岡山県,,2020/6/15,月,
330001,岡山県,,2020/6/16,火,
330001,岡山県,,2020/6/17,水,
330001,岡山県,,2020/6/18,木,
330001,岡山県,,2020/6/19,金,
330001,岡山県,,2020/6/20,土,
330001,岡山県,,2020/6/21,日,
330001,岡山県,,2020/6/22,月,
330001,岡山県,岡山市,2020/6/23,火,1
330001,岡山県,,2020/6/24,水,
330001,岡山県,,2020/6/25,木,
330001,岡山県,,2020/6/26,金,
330001,岡山県,,2020/6/27,土,
330001,岡山県,,2020/6/28,日,
330001,岡山県,,2020/6/29,月,
330001,岡山県,,2020/6/30,火,
330001,岡山県,,2020/7/1,水,
330001,岡山県,岡山市、岡山市,2020/7/2,木,2
330001,岡山県,,2020/7/3,金,
330001,岡山県,,2020/7/4,土,
330001,岡山県,,2020/7/5,日,
330001,岡山県,,2020/7/6,月,
330001,岡山県,,2020/7/7,火,
330001,岡山県,,2020/7/8,水,
330001,岡山県,,2020/7/9,木,
330001,岡山県,,2020/7/10,金,
330001,岡山県,,2020/7/11,土,
330001,岡山県,,2020/7/12,日,
330001,岡山県,,2020/7/13,月,
330001,岡山県,岡山市,2020/7/14,火,1
330001,岡山県,岡山市,2020/7/15,水,1
330001,岡山県,岡山市、岡山市,2020/7/16,木,2
330001,岡山県,岡山市、広島県,2020/7/17,金,2
330001,岡山県,岡山市、岡山市、倉敷市,2020/7/18,土,3
330001,岡山県,岡山市、岡山市、岡山市、岡山市,2020/7/19,日,4
330001,岡山県,岡山市、倉敷市,2020/7/20,月,2
330001,岡山県,岡山市,2020/7/21,火,1
330001,岡山県,,2020/7/22,水,
330001,岡山県,岡山市,2020/7/23,木,1
330001,岡山県,高梁市、高梁市、赤磐市、岡山市,2020/7/24,金,4
330001,岡山県,赤磐市、赤磐市、岡山市、岡山市、岡山市、岡山市、岡山市、岡山市、岡山市、岡山市,2020/7/25,土,10
330001,岡山県,岡山市、岡山市,2020/7/26,日,2
330001,岡山県,岡山市、岡山市、岡山市,2020/7/27,月,3
330001,岡山県,岡山市、倉敷市,2020/7/28,火,2
330001,岡山県,岡山市、岡山市、岡山市、岡山市、倉敷市,2020/7/29,水,5
330001,岡山県,岡山市、岡山市、岡山市、岡山市、岡山市,2020/7/30,木,5
330001,岡山県,瀬戸内市、倉敷市、岡山市,2020/7/31,金,3
330001,岡山県,倉敷市、岡山市、岡山市、岡山市、岡山市、岡山市、倉敷市,2020/8/1,土,7
330001,岡山県,浅口市、岡山市,2020/8/2,日,2
330001,岡山県,岡山市、岡山市、岡山市,2020/8/3,月,3
330001,岡山県,岡山市、岡山市、岡山市,2020/8/4,火,3
330001,岡山県,岡山市、岡山市、岡山市、岡山市、倉敷市、倉敷市、倉敷市,2020/8/5,水,7
330001,岡山県,岡山市、岡山市,2020/8/6,木,2
330001,岡山県,赤磐市、倉敷市、倉敷市、倉敷市,2020/8/7,金,4
330001,岡山県,倉敷市、倉敷市、岡山市,2020/8/8,土,3
330001,岡山県,岡山市,2020/8/9,日,1
330001,岡山県,岡山市、岡山市,2020/8/10,月,2
330001,岡山県,岡山市、岡山市,2020/8/11,火,2
330001,岡山県,赤磐市、岡山市,2020/8/12,水,2
330001,岡山県,岡山市、岡山市,2020/8/13,木,2
330001,岡山県,岡山市、岡山市、岡山市、岡山市,2020/8/14,金,4
330001,岡山県,倉敷市、倉敷市,2020/8/15,土,2
330001,岡山県,岡山市,2020/8/16,日,1
330001,岡山県,,2020/8/17,月,
330001,岡山県,岡山市、岡山市,2020/8/18,火,2
330001,岡山県,岡山市,2020/8/19,水,1
330001,岡山県,岡山市、岡山市,2020/8/20,木,2
330001,岡山県,赤磐市、岡山市,2020/8/21,金,2
330001,岡山県,津山市、里庄町,2020/8/22,土,2
330001,岡山県,倉敷市、倉敷市、岡山市,2020/8/23,日,3
330001,岡山県,岡山市、岡山市、岡山市,2020/8/24,月,3
330001,岡山県,倉敷市,2020/8/25,火,1
330001,岡山県,,2020/8/26,水,
330001,岡山県,玉野市,2020/8/27,木,1
330001,岡山県,赤磐市、岡山市,2020/8/28,金,2
330001,岡山県,,2020/8/29,土,
330001,岡山県,,2020/8/30,日,
330001,岡山県,,2020/8/31,月,
330001,岡山県,,2020/9/1,火,
330001,岡山県,,2020/9/2,水,
330001,岡山県,岡山市,2020/9/3,木,1
330001,岡山県,,2020/9/4,金,
330001,岡山県,,2020/9/5,土,
330001,岡山県,,2020/9/6,日,
330001,岡山県,,2020/9/7,月,
330001,岡山県,,2020/9/8,火,
330001,岡山県,,2020/9/9,水,
330001,岡山県,,2020/9/10,木,
330001,岡山県,,2020/9/11,金,
330001,岡山県,,2020/9/12,土,
330001,岡山県,,2020/9/13,日,
330001,岡山県,大阪府,2020/9/14,月,1
330001,岡山県,,2020/9/15,火,
330001,岡山県,,2020/9/16,水,
330001,岡山県,,2020/9/17,木,
330001,岡山県,岡山市,2020/9/18,金,1
330001,岡山県,,2020/9/19,土,
330001,岡山県,,2020/9/20,日,
330001,岡山県,,2020/9/21,月,
330001,岡山県,,2020/9/22,火,
330001,岡山県,,2020/9/23,水,
330001,岡山県,岡山市,2020/9/24,木,1
330001,岡山県,倉敷市,2020/9/25,金,1
330001,岡山県,岡山市、岡山市,2020/9/26,土,2
330001,岡山県,新見市,2020/9/27,日,1
330001,岡山県,新見市,2020/9/28,月,1
330001,岡山県,,2020/9/29,火,
330001,岡山県,真庭市、倉敷市、倉敷市,2020/9/30,水,3
330001,岡山県,,2020/10/1,木,
330001,岡山県,,2020/10/2,金,
330001,岡山県,岡山市,2020/10/3,土,1
330001,岡山県,,2020/10/4,日,
330001,岡山県,浅口市,2020/10/5,月,3
330001,岡山県,,2020/10/6,火,
330001,岡山県,,2020/10/7,水,
330001,岡山県,岡山市,2020/10/8,木,1
330001,岡山県,岡山市,2020/10/9,金,1
330001,岡山県,,2020/10/10,土,
330001,岡山県,,2020/10/11,日,
330001,岡山県,,2020/10/12,月,
330001,岡山県,岡山市,2020/10/13,火,1
330001,岡山県,岡山市、岡山市、岡山市、岡山市,2020/10/14,水,4
330001,岡山県,,2020/10/15,木,
330001,岡山県,岡山市、岡山市,2020/10/16,金,2
330001,岡山県,岡山市、岡山市,2020/10/17,土,2
330001,岡山県,岡山市,2020/10/18,日,1
330001,岡山県,,2020/10/19,月,
330001,岡山県,津山市,2020/10/20,火,1
330001,岡山県,総社市、総社市、総社市、総社市、津山市、津山市、津山市、岡山市、岡山市、岡山市、岡山市,2020/10/21,水,11
330001,岡山県,美咲町、美咲町、美咲町,2020/10/22,木,3
330001,岡山県,津山市、津山市、総社市、総社市、総社市、総社市,2020/10/23,金,6
330001,岡山県,津山市、津山市、美作市、他県,2020/10/24,土,4
330001,岡山県,津山市、津山市、津山市、勝央町、勝央町,2020/10/25,日,5
330001,岡山県,勝央町、津山市、津山市,2020/10/26,月,3
330001,岡山県,総社市、総社市、津山市、津山市、他県、津山市、津山市、津山市、津山市,2020/10/27,火,9
330001,岡山県,総社市、井原市、井原市、鏡野町、新見市、新見市、美咲町、津山市、津山市、津山市、津山市、津山市、津山市、倉敷市、岡山市,2020/10/28,水,15
330001,岡山県,勝央町、勝央町、勝央町、津山市、美咲町、美咲町、鏡野町、勝央町、勝央町、勝央町、勝央町、勝央町、勝央町、勝央町、勝央町、勝央町、勝央町、美作、美作、奈義町、津山市、津山市、津山市、津山市、津山市、津山市、津山市、津山市、津山市、美咲町、美咲町,2020/10/29,木,31
330001,岡山県,津山市、真庭市、津山市、津山市、津山市、総社市、津山市、津山市、津山市、津山市、勝央町、倉敷市,2020/10/30,金,12
330001,岡山県,真庭市、鏡野町、鏡野町、津山市、津山市、勝央町、勝央町、勝央町、奈義町、非公表、非公表、非公表、非公表,2020/10/31,土,13
330001,岡山県,鏡野町、奈義町、津山市、津山市、津山市,2020/11/1,日,5
330001,岡山県,,2020/11/2,月,
330001,岡山県,津山市、井原市、井原市、津山市、美作市、勝央町、美咲町、津山市、鏡野町、津山市、倉敷市、倉敷市,2020/11/3,火,12
330001,岡山県,津山市、真庭市、久米南町、美作市、真庭市、岡山市,2020/11/4,水,6
330001,岡山県,津山市、岡山市、岡山市、岡山市、岡山市、岡山市,2020/11/5,木,6
330001,岡山県,津山市、総社市、津山市、津山市、岡山市、岡山市、岡山市、岡山市,2020/11/6,金,8
330001,岡山県,赤磐市、赤磐市、津山市、津山市、津山市、津山市、岡山市、岡山市、岡山市,2020/11/7,土,9
330001,岡山県,鏡野町、勝央町、勝央町、津山市、美作市、津山市,2020/11/8,日,6
330001,岡山県,真庭市、岡山市,2020/11/9,月,2
330001,岡山県,倉敷市,2020/11/10,火,1
330001,岡山県,総社市、総社市、津山市、津山市、岡山市、岡山市、岡山市,2020/11/11,水,7
330001,岡山県,倉敷市、岡山市、県内（岡山市以外）、岡山市、岡山市、岡山市,2020/11/12,木,6
330001,岡山県,倉敷市、赤磐市、津山市、美咲町、岡山市、岡山市、岡山市、岡山市、岡山市、岡山市、岡山市、岡山市、岡山市,2020/11/13,金,13
330001,岡山県,美咲町、美咲町、美咲町、備前市、岡山市、岡山市、岡山市、岡山市、岡山市、岡山市、岡山市、岡山市,2020/11/14,土,12
330001,岡山県,津山市、津山市、美咲町、備前市、高梁市、倉敷市、岡山市、他県、岡山市、岡山市、岡山市、岡山市、岡山市、岡山市、岡山市、岡山市、岡山市,2020/11/15,日,17
330001,岡山県,岡山市、岡山市、岡山市,2020/11/16,月,3
330001,岡山県,倉敷市、岡山市、岡山市、岡山市、岡山市、岡山市、岡山市,2020/11/17,火,7
330001,岡山県,津山市、倉敷市、倉敷市、倉敷市、岡山市、岡山市、岡山市、岡山市、岡山市、岡山市、岡山市、岡山市、岡山市、岡山市、岡山市、岡山市、岡山市、岡山市、岡山市、岡山市、岡山市、岡山市、岡山市、赤磐市,2020/11/18,水,24
330001,岡山県,和気町、倉敷市、倉敷市、倉敷市、倉敷市、倉敷市、岡山市、岡山市、岡山市、岡山市、岡山市、岡山市、岡山市、岡山市、岡山市,2020/11/19,木,15
330001,岡山県,早島町、倉敷市、倉敷市、倉敷市、倉敷市、倉敷市、岡山市、岡山市、岡山市、岡山市、岡山市、岡山市、岡山市,2020/11/20,金,13
330001,岡山県,和気町、赤磐市、瀬戸内市、早島町、早島町、倉敷市、倉敷市、倉敷市、倉敷市、岡山市、岡山市、岡山市、岡山市、岡山市、岡山市、岡山市、岡山市、岡山市、岡山市、岡山市、岡山市、岡山市、岡山市、岡山市、岡山市、岡山市、岡山市,2020/11/21,土,27
330001,岡山県,玉野市、美咲町、瀬戸内市、岡山市、岡山市、岡山市、岡山市、岡山市、岡山市、岡山市、岡山市、岡山市、岡山市,2020/11/22,日,13
330001,岡山県,美作市、美作市、美作市、美作市、美咲町、総社市、倉敷市、岡山市、岡山市、岡山市,2020/11/23,月,10
330001,岡山県,美作市、早島町、倉敷市、岡山市、岡山市、岡山市、岡山市,2020/11/24,火,7
330001,岡山県,赤磐市、備前市、早島町、倉敷市、岡山市、岡山市、岡山市、岡山市、岡山市、岡山市、岡山市、岡山市、岡山市、岡山市、岡山市,2020/11/25,水,15
330001,岡山県,矢掛町、倉敷市、倉敷市、倉敷市、倉敷市、岡山市、岡山市、岡山市、岡山市、岡山市、岡山市、岡山市、岡山市、岡山市,2020/11/26,木,14
330001,岡山県,美作市、美作市、西粟倉村、美作市、倉敷市、倉敷市、岡山市、岡山市、岡山市、岡山市、岡山市、岡山市、岡山市、岡山市、岡山市、岡山市、岡山市、岡山市、岡山市、岡山市、岡山市、岡山市、岡山市、岡山市,2020/11/27,金,24
330001,岡山県,早島町、備前市、備前市、総社市、岡山市、岡山市、岡山市、岡山市、岡山市、岡山市、岡山市、岡山市、岡山市、岡山市、岡山市,2020/11/28,土,15
330001,岡山県,玉野市、玉野市、倉敷市、倉敷市、倉敷市、岡山市、岡山市、岡山市、岡山市,2020/11/29,日,9
330001,岡山県,倉敷市、倉敷市、岡山市、岡山市、岡山市、岡山市、岡山市,2020/11/30,月,7
330001,岡山県,備前市、倉敷市、岡山市、岡山市、岡山市、岡山市、岡山市、岡山市、岡山市、岡山市,2020/12/1,火,10
330001,岡山県,備前市、早島町、倉敷市、倉敷市、岡山市、岡山市、岡山市、岡山市、岡山市、岡山市,2020/12/2,水,10
330001,岡山県,備前市、倉敷市、倉敷市、岡山市、岡山市、岡山市、岡山市、岡山市、岡山市、岡山市,2020/12/3,木,10
330001,岡山県,倉敷市、岡山市、岡山市、岡山市、岡山市,2020/12/4,金,5
330001,岡山県,美作市、備前市、倉敷市、倉敷市、倉敷市、倉敷市、岡山市、岡山市、岡山市、岡山市、岡山市,2020/12/5,土,11
330001,岡山県,美作市、美作市、津山市、津山市、倉敷市、倉敷市、岡山市、岡山市、岡山市、岡山市、岡山市、岡山市,2020/12/6,日,12
330001,岡山県,早島町、井原市、倉敷市、岡山市、岡山市、岡山市、岡山市、岡山市、岡山市,2020/12/7,月,9
330001,岡山県,早島町、早島町、井原市、真庭市、真庭市、津山市、岡山市、岡山市、岡山市、岡山市、岡山市、岡山市,2020/12/8,火,12
330001,岡山県,赤磐市、高梁市、真庭市、倉敷市、倉敷市、倉敷市、岡山市、岡山市、岡山市、岡山市、岡山市,2020/12/9,水,11
330001,岡山県,玉野市、高梁市、倉敷市、倉敷市、倉敷市、倉敷市、倉敷市、倉敷市、岡山市、岡山市、岡山市、岡山市、岡山市,2020/12/10,木,13
330001,岡山県,倉敷市、倉敷市、倉敷市、倉敷市、倉敷市、倉敷市、倉敷市、倉敷市、倉敷市、岡山市、岡山市、岡山市、岡山市、岡山市、岡山市、岡山市,2020/12/11,金,16
330001,岡山県,笠岡市、倉敷市、倉敷市、倉敷市、倉敷市、倉敷市、倉敷市、倉敷市、倉敷市、倉敷市、倉敷市、倉敷市、倉敷市、倉敷市、岡山市、岡山市、岡山市、岡山市、岡山市、岡山市、岡山市、岡山市,2020/12/12,土,22
330001,岡山県,高梁市、高梁市、倉敷市、倉敷市、倉敷市、倉敷市、倉敷市、倉敷市、倉敷市、倉敷市、倉敷市、倉敷市、倉敷市、倉敷市、倉敷市、倉敷市、倉敷市、倉敷市、倉敷市、倉敷市、倉敷市、倉敷市、倉敷市、倉敷市、倉敷市、倉敷市、倉敷市、倉敷市、倉敷市、岡山市、岡山市、岡山市、岡山市、岡山市、岡山市、岡山市、岡山市、岡山市,2020/12/13,日,38
330001,岡山県,津山市、倉敷市、倉敷市、倉敷市、倉敷市、倉敷市、倉敷市、倉敷市、倉敷市、倉敷市、倉敷市、倉敷市、倉敷市、倉敷市、倉敷市、倉敷市、倉敷市、倉敷市、倉敷市、倉敷市、倉敷市、倉敷市、岡山市、岡山市、岡山市、岡山市、岡山市,2020/12/14,月,27
330001,岡山県,早島町、総社市、玉野市、瀬戸内市、倉敷市、倉敷市、倉敷市、倉敷市、倉敷市、倉敷市、倉敷市、岡山市、岡山市、岡山市、岡山市、岡山市、岡山市、岡山市、岡山市、岡山市、岡山市,2020/12/15,火,21
330001,岡山県,倉敷市、倉敷市、倉敷市、倉敷市、倉敷市、倉敷市、倉敷市、倉敷市、倉敷市、倉敷市、倉敷市、倉敷市、倉敷市、倉敷市、倉敷市、倉敷市、倉敷市、倉敷市、倉敷市、岡山市、岡山市、岡山市、岡山市、岡山市、岡山市、岡山市、岡山市、岡山市、岡山市、岡山市、岡山市、岡山市,2020/12/16,水,32
330001,岡山県,国外、赤磐市、真庭市、倉敷市、倉敷市、倉敷市、倉敷市、倉敷市、倉敷市、倉敷市、倉敷市、倉敷市、倉敷市、倉敷市、倉敷市、岡山市、岡山市、岡山市、岡山市、岡山市、岡山市、岡山市、岡山市、岡山市、岡山市、岡山市、岡山市,2020/12/17,木,27
330001,岡山県,玉野市、津山市、笠岡市、真庭市、真庭市、真庭市、真庭市、真庭市、倉敷市、倉敷市、倉敷市、倉敷市、倉敷市、倉敷市、倉敷市、倉敷市、倉敷市、岡山市、岡山市、岡山市、岡山市、岡山市、岡山市、岡山市、岡山市、岡山市,2020/12/18,金,26
330001,岡山県,真庭市、真庭市、真庭市、真庭市、高梁市、真庭市、真庭市、浅口市、高梁市、早島町、真庭市、真庭市、真庭市、倉敷市、倉敷市、倉敷市、倉敷市、倉敷市、倉敷市、倉敷市、倉敷市、倉敷市、倉敷市、倉敷市、倉敷市、倉敷市、倉敷市、倉敷市、倉敷市、倉敷市、倉敷市、倉敷市、倉敷市、倉敷市、倉敷市、倉敷市、倉敷市、倉敷市、倉敷市、倉敷市、倉敷市、倉敷市、倉敷市、他県、倉敷市、倉敷市、倉敷市、岡山市、岡山市、岡山市、岡山市、他県、岡山市、岡山市、岡山市、岡山市、岡山市、岡山市、岡山市、岡山市,2020/12/19,土,60
330001,岡山県,津山市、津山市、津山市、津山市、津山市、津山市、津山市、瀬戸内市、瀬戸内市、瀬戸内市、瀬戸内市、瀬戸内市、赤磐市、備前市、奈義町、浅口市、早島町、真庭市、真庭市、玉野市、真庭市、真庭市、真庭市、倉敷市、倉敷市、倉敷市、倉敷市、倉敷市、倉敷市、倉敷市、倉敷市、倉敷市、倉敷市、倉敷市、倉敷市、倉敷市、倉敷市、倉敷市、倉敷市、倉敷市、倉敷市、倉敷市、倉敷市、倉敷市、倉敷市、倉敷市、倉敷市、倉敷市、倉敷市、倉敷市、倉敷市、倉敷市、倉敷市、岡山市、岡山市、岡山市、岡山市、岡山市、岡山市、岡山市、岡山市、岡山市、岡山市、岡山市、岡山市、岡山市、岡山市、岡山市、岡山市、岡山市、岡山市、岡山市、岡山市、岡山市、岡山市、岡山市、岡山市、岡山市、岡山市、岡山市、岡山市、岡山市、岡山市、岡山市、岡山市、岡山市、岡山市、岡山市、岡山市、岡山市、岡山市、岡山市、岡山市、岡山市、岡山市、岡山市、岡山市、岡山市、岡山市、岡山市、岡山市、岡山市、岡山市、岡山市、岡山市、岡山市、岡山市、岡山市、岡山市、岡山市、岡山市,2020/12/20,日,111
330001,岡山県,真庭市、真庭市、備前市、津山市、津山市、津山市、玉野市、玉野市、浅口市、浅口市、倉敷市、倉敷市、倉敷市、倉敷市、倉敷市、倉敷市、倉敷市、倉敷市、倉敷市、倉敷市、倉敷市、岡山市、岡山市、岡山市、岡山市、岡山市、岡山市、岡山市、岡山市,2020/12/21,月,29
330001,岡山県,真庭市、総社市、浅口市、玉野市、真庭市、倉敷市、倉敷市、倉敷市、倉敷市、倉敷市、岡山市、岡山市、岡山市,2020/12/22,火,13
330001,岡山県,総社市、津山市、津山市、津山市、津山市、津山市、真庭市、真庭市、真庭市、真庭市、真庭市、倉敷市、倉敷市、倉敷市、倉敷市、倉敷市、倉敷市、岡山市、岡山市、岡山市、岡山市、岡山市、岡山市、岡山市、岡山市、岡山市、岡山市、他県、岡山市、岡山市、岡山市、岡山市、岡山市、岡山市、岡山市,2020/12/23,水,35
330001,岡山県,瀬戸内市、津山市、真庭市、笠岡市、津山市、津山市、笠岡市、津山市、倉敷市、倉敷市、倉敷市、倉敷市、倉敷市、倉敷市、倉敷市、倉敷市、倉敷市、倉敷市、岡山市、岡山市、岡山市、岡山市、岡山市、岡山市、岡山市、岡山市、岡山市,2020/12/24,木,27
330001,岡山県,真庭市、浅口市、倉敷市、倉敷市、倉敷市、倉敷市、倉敷市、倉敷市、倉敷市、倉敷市、岡山市、岡山市、岡山市、岡山市、岡山市、岡山市、岡山市、岡山市、岡山市、岡山市、岡山市、岡山市、岡山市、岡山市、岡山市、岡山市、岡山市、岡山市、岡山市、岡山市、岡山市,2020/12/25,金,31
330001,岡山県,久米南町、久米南町、津山市、瀬戸内市、真庭市、倉敷市、倉敷市、倉敷市、倉敷市、岡山市、岡山市、岡山市、岡山市、岡山市、岡山市、岡山市、岡山市、岡山市、岡山市、岡山市、岡山市、岡山市、岡山市、岡山市、岡山市、岡山市、岡山市、岡山市,2020/12/26,土,28
330001,岡山県,瀬戸内市、瀬戸内市、瀬戸内市、津山市、倉敷市、倉敷市、倉敷市、倉敷市、倉敷市、倉敷市、岡山市、他県、岡山市、岡山市、岡山市、岡山市、岡山市、岡山市、岡山市、岡山市、岡山市,2020/12/27,日,21
330001,岡山県,瀬戸内市、瀬戸内市、笠岡市、高梁市、和気町、倉敷市、倉敷市、倉敷市、倉敷市、倉敷市、倉敷市、倉敷市、岡山市、岡山市、岡山市、岡山市、岡山市、岡山市、岡山市,2020/12/28,月,19
330001,岡山県,笠岡市、笠岡市、倉敷市、倉敷市、倉敷市、倉敷市、倉敷市、倉敷市、倉敷市、倉敷市、倉敷市、倉敷市、岡山市、岡山市、岡山市、岡山市、岡山市、岡山市、岡山市、岡山市、岡山市、岡山市、岡山市,2020/12/29,火,23
330001,岡山県,笠岡市、笠岡市、津山市、津山市、倉敷市、倉敷市、倉敷市、倉敷市、倉敷市、倉敷市、倉敷市、倉敷市、倉敷市、倉敷市、倉敷市、倉敷市、倉敷市、岡山市、岡山市、岡山市、岡山市、岡山市、岡山市、岡山市、岡山市、岡山市、岡山市、岡山市、岡山市、岡山市、岡山市、岡山市,2020/12/30,水,32
330001,岡山県,笠岡市、笠岡市、笠岡市、津山市、瀬戸内市、備前市、倉敷市、倉敷市、岡山市、岡山市、岡山市、岡山市、岡山市、岡山市、岡山市、岡山市、岡山市、岡山市、岡山市、岡山市、岡山市、岡山市、岡山市,2020/12/31,木,23
330001,岡山県,瀬戸内市、浅口市、里庄町、広島県、井原市、井原市、津山市、瀬戸内市、倉敷市、倉敷市、倉敷市、倉敷市、倉敷市、倉敷市、倉敷市、倉敷市、倉敷市、倉敷市、倉敷市、岡山市、岡山市、岡山市、岡山市、岡山市、岡山市、岡山市、岡山市,2021/1/1,金,27
330001,岡山県,神奈川県、瀬戸内市、倉敷市、倉敷市、倉敷市、倉敷市、倉敷市、倉敷市、倉敷市、倉敷市、倉敷市、倉敷市、岡山市、岡山市、岡山市、岡山市、岡山市、岡山市、岡山市、岡山市、岡山市、岡山市、岡山市,2021/1/2,土,23
330001,岡山県,瀬戸内市、備前市、瀬戸内市、浅口市、総社市、総社市、瀬戸内市、倉敷市、倉敷市、倉敷市、倉敷市、岡山市、岡山市、岡山市、岡山市、岡山市、岡山市、岡山市、岡山市、岡山市、岡山市、岡山市、岡山市、岡山市、岡山市、岡山市、岡山市,2021/1/3,日,27
330001,岡山県,大阪府、他県、倉敷市、倉敷市、倉敷市、倉敷市、倉敷市、倉敷市、倉敷市、倉敷市、倉敷市、倉敷市、倉敷市、倉敷市、岡山市、岡山市、岡山市、岡山市、岡山市、岡山市、岡山市、岡山市、岡山市、岡山市、岡山市、岡山市、岡山市、岡山市、岡山市、岡山市、岡山市、他県、岡山市,2021/1/4,月,33
330001,岡山県,津山市、総社市、総社市、井原市、倉敷市、倉敷市、倉敷市、倉敷市、倉敷市、倉敷市、他県、倉敷市、倉敷市、倉敷市、倉敷市、倉敷市、岡山市、岡山市、岡山市、岡山市、岡山市、岡山市、岡山市、岡山市、岡山市、岡山市、岡山市、岡山市、岡山市、岡山市、岡山市、岡山市、岡山市、岡山市、岡山市、岡山市、岡山市、岡山市、岡山市、岡山市、他県、岡山市、岡山市、岡山市、岡山市、岡山市、岡山市、岡山市、岡山市、岡山市、岡山市,2021/1/5,火,51
330001,岡山県,玉野市、赤磐市、津山市、笠岡市、総社市、真庭市、倉敷市、倉敷市、倉敷市、倉敷市、倉敷市、倉敷市、倉敷市、倉敷市、倉敷市、倉敷市、倉敷市、倉敷市、倉敷市、倉敷市、倉敷市、倉敷市、倉敷市、倉敷市、倉敷市、倉敷市、倉敷市、岡山市、岡山市、岡山市、岡山市、岡山市、岡山市、岡山市、岡山市、岡山市、岡山市、岡山市、岡山市、岡山市、岡山市、岡山市、岡山市、岡山市、岡山市、岡山市、岡山市、岡山市、岡山市、岡山市、岡山市、岡山市、岡山市、岡山市、岡山市、岡山市、岡山市、岡山市、岡山市,2021/1/6,水,59
330001,岡山県,神奈川県、玉野市、奈義町、津山市、真庭市、早島町、倉敷市、倉敷市、倉敷市、倉敷市、倉敷市、倉敷市、倉敷市、倉敷市、倉敷市、倉敷市、倉敷市、倉敷市、倉敷市、倉敷市、倉敷市、倉敷市、倉敷市、倉敷市、倉敷市、倉敷市、倉敷市、倉敷市、倉敷市、倉敷市、倉敷市、岡山市、岡山市、岡山市、岡山市、岡山市、岡山市、岡山市、岡山市、岡山市、岡山市、岡山市、岡山市、岡山市、岡山市、岡山市、岡山市、岡山市、岡山市、岡山市、岡山市、岡山市、岡山市、岡山市、岡山市、岡山市、岡山市、岡山市、岡山市、岡山市、岡山市、岡山市、岡山市、岡山市、岡山市、岡山市,2021/1/7,木,66
330001,岡山県,玉野市、玉野市、奈義町、高梁市、笠岡市、津山市、里庄町、倉敷市、倉敷市、倉敷市、倉敷市、倉敷市、倉敷市、倉敷市、倉敷市、倉敷市、倉敷市、倉敷市、岡山市、岡山市、岡山市、岡山市、岡山市、岡山市、岡山市、岡山市、岡山市、岡山市、岡山市、岡山市、岡山市、岡山市、岡山市、岡山市、岡山市、岡山市、岡山市、岡山市、岡山市、岡山市、岡山市、岡山市、岡山市、岡山市、岡山市、岡山市,2021/1/8,金,46
330001,岡山県,新見市、玉野市、玉野市、玉野市、玉野市、玉野市、玉野市、総社市、赤磐市、瀬戸内市、玉野市、玉野市、総社市、総社市、倉敷市、倉敷市、倉敷市、倉敷市、倉敷市、倉敷市、倉敷市、倉敷市、倉敷市、倉敷市、倉敷市、倉敷市、倉敷市、倉敷市、倉敷市、倉敷市、倉敷市、県内（倉敷市以外）、倉敷市、倉敷市、倉敷市、倉敷市、倉敷市、倉敷市、倉敷市、倉敷市、倉敷市、倉敷市、倉敷市、倉敷市、倉敷市、倉敷市、倉敷市、倉敷市、岡山市、岡山市、岡山市、岡山市、岡山市、岡山市、岡山市、岡山市、岡山市、岡山市、岡山市、岡山市、岡山市、岡山市、岡山市、岡山市、岡山市、岡山市、岡山市、岡山市、岡山市、岡山市、岡山市、岡山市、岡山市、岡山市、岡山市、岡山市、岡山市、岡山市、岡山市、岡山市,2021/1/9,土,80
330001,岡山県,瀬戸内市、美作市、浅口市、里庄町、倉敷市、倉敷市、倉敷市、倉敷市、倉敷市、倉敷市、倉敷市、倉敷市、岡山市、岡山市、岡山市、岡山市、岡山市、岡山市、岡山市、岡山市、岡山市、岡山市、岡山市、岡山市、岡山市、岡山市、岡山市、岡山市、岡山市、岡山市、岡山市、岡山市,2021/1/10,日,32
330001,岡山県,玉野市、玉野市、玉野市、玉野市、玉野市、浅口市、矢掛町、広島県、沖縄県、鏡野町、倉敷市、倉敷市、倉敷市、倉敷市、倉敷市、倉敷市、倉敷市、倉敷市、倉敷市、倉敷市、倉敷市、岡山市、岡山市、岡山市、岡山市、岡山市、岡山市、岡山市、岡山市、岡山市、岡山市、岡山市、岡山市、岡山市、岡山市、岡山市、岡山市、岡山市、岡山市、岡山市、岡山市、岡山市、岡山市、岡山市、岡山市、岡山市、岡山市、岡山市、岡山市、岡山市、岡山市、岡山市,2021/1/11,月,52
330001,岡山県,矢掛町、鏡野町、鏡野町、鏡野町、倉敷市、倉敷市、倉敷市、倉敷市、倉敷市、倉敷市、倉敷市、倉敷市、倉敷市、岡山市、岡山市、他県、岡山市、岡山市、岡山市、岡山市、岡山市、岡山市、岡山市、岡山市、岡山市、岡山市、岡山市、岡山市、岡山市、岡山市、岡山市、岡山市、岡山市,2021/1/12,火,33
330001,岡山県,玉野市、総社市、津山市、倉敷市、倉敷市、倉敷市、倉敷市、倉敷市、倉敷市、倉敷市、倉敷市、倉敷市、倉敷市、岡山市、岡山市、岡山市、岡山市、岡山市、岡山市、岡山市、岡山市、岡山市、岡山市、岡山市、岡山市、岡山市、岡山市、岡山市、岡山市、岡山市、岡山市、岡山市、岡山市、岡山市、岡山市、岡山市、岡山市,2021/1/13,水,37
330001,岡山県,里庄町、総社市、総社市、総社市、津山市、倉敷市、倉敷市、倉敷市、倉敷市、倉敷市、倉敷市、倉敷市、倉敷市、倉敷市、倉敷市、倉敷市、倉敷市、倉敷市、倉敷市、倉敷市、倉敷市、倉敷市、倉敷市、倉敷市、岡山市、岡山市、岡山市、岡山市、岡山市、岡山市、岡山市、岡山市、岡山市、岡山市、岡山市、岡山市、岡山市、岡山市,2021/1/14,木,38
330001,岡山県,赤磐市、高梁市、総社市、美作市、倉敷市、倉敷市、倉敷市、倉敷市、倉敷市、倉敷市、倉敷市、倉敷市、倉敷市、倉敷市、倉敷市、倉敷市、倉敷市、岡山市、岡山市、岡山市、岡山市、岡山市、岡山市、岡山市、岡山市、岡山市、岡山市、岡山市、岡山市、岡山市、他県、岡山市、岡山市、岡山市、岡山市,2021/1/15,金,35
330001,岡山県,総社市、総社市、新見市、新見市、新見市、新見市、新見市、新見市、新見市、倉敷市、倉敷市、倉敷市、倉敷市、倉敷市、倉敷市、倉敷市、倉敷市、倉敷市、倉敷市、倉敷市、倉敷市、岡山市、岡山市、岡山市、岡山市、岡山市、岡山市、岡山市、岡山市、岡山市、岡山市、岡山市、岡山市、岡山市、岡山市,2021/1/16,土,35
330001,岡山県,美作市、総社市、新見市、新見市、新見市、新見市、新見市、倉敷市、倉敷市、倉敷市、倉敷市、倉敷市、倉敷市、倉敷市、倉敷市、倉敷市、岡山市、岡山市、岡山市、岡山市、岡山市、岡山市、岡山市、岡山市、岡山市、岡山市、岡山市、岡山市、他県、岡山市、岡山市、岡山市、岡山市、岡山市,2021/1/17,日,34
330001,岡山県,総社市、総社市、勝央町、瀬戸内市、瀬戸内市、瀬戸内市、瀬戸内市、倉敷市、倉敷市、倉敷市、倉敷市、倉敷市、倉敷市、岡山市、岡山市、岡山市、岡山市、岡山市、岡山市、岡山市、岡山市、岡山市、岡山市、岡山市、岡山市、岡山市、岡山市、岡山市、岡山市、岡山市、岡山市,2021/1/18,月,31
330001,岡山県,浅口市、瀬戸内市、瀬戸内市、瀬戸内市、瀬戸内市、倉敷市、倉敷市、倉敷市、倉敷市、倉敷市、倉敷市、倉敷市、岡山市、岡山市、岡山市、岡山市、岡山市、岡山市、岡山市、岡山市、岡山市、岡山市,2021/1/19,火,22
330001,岡山県,総社市、玉野市、玉野市、瀬戸内市、瀬戸内市、新見市、倉敷市、倉敷市、倉敷市、倉敷市、倉敷市、倉敷市、倉敷市、倉敷市、岡山市、岡山市、岡山市、岡山市、岡山市、岡山市、岡山市、岡山市、岡山市、岡山市、岡山市、岡山市、岡山市、岡山市、岡山市、岡山市,2021/1/20,水,30
330001,岡山県,赤磐市、瀬戸内市、真庭市、真庭市、赤磐市、新見市、倉敷市、倉敷市、倉敷市、倉敷市、倉敷市、倉敷市、倉敷市、倉敷市、倉敷市、岡山市、岡山市、岡山市、岡山市、岡山市、岡山市、岡山市、岡山市、岡山市、岡山市、岡山市、岡山市、岡山市、岡山市,2021/1/21,木,29
330001,岡山県,総社市、美作市、美作市、瀬戸内市、笠岡市、奈良県、美作市、美作市、倉敷市、倉敷市、倉敷市、倉敷市、倉敷市、倉敷市、岡山市、岡山市、岡山市、岡山市、岡山市、岡山市,2021/1/22,金,20
330001,岡山県,備前市、広島県、美作市、美作市、倉敷市、岡山市、岡山市、岡山市、岡山市、岡山市、岡山市、岡山市、岡山市、岡山市、岡山市、岡山市,2021/1/23,土,16
330001,岡山県,和気町、倉敷市、倉敷市、倉敷市、倉敷市、倉敷市、岡山市、岡山市、岡山市,2021/1/24,日,9
330001,岡山県,総社市、美作市、岡山市、岡山市、岡山市、岡山市、岡山市、岡山市、岡山市、岡山市、岡山市、岡山市、岡山市、岡山市、岡山市、岡山市、岡山市、岡山市、岡山市、岡山市、岡山市,2021/1/25,月,21
330001,岡山県,瀬戸内市、瀬戸内市、瀬戸内市、倉敷市、倉敷市、倉敷市、倉敷市、岡山市、岡山市、岡山市、岡山市、岡山市、岡山市、岡山市、岡山市、岡山市、岡山市、岡山市,2021/1/26,火,18
330001,岡山県,津山市、倉敷市、倉敷市、倉敷市、倉敷市、倉敷市、倉敷市、岡山市、岡山市、岡山市、岡山市、岡山市、岡山市、岡山市、岡山市、岡山市、岡山市、岡山市,2021/1/27,水,18
330001,岡山県,美咲町、津山市、津山市、津山市、津山市、津山市、津山市、倉敷市、倉敷市、岡山市、岡山市、岡山市、岡山市、岡山市、岡山市、岡山市、岡山市、岡山市,2021/1/28,木,18
330001,岡山県,広島県、倉敷市、倉敷市、倉敷市、岡山市、岡山市、岡山市、岡山市、岡山市、岡山市、岡山市、岡山市,2021/1/29,金,12
330001,岡山県,赤磐市、玉野市、真庭市、真庭市、真庭市、倉敷市、倉敷市、県内（倉敷市以外）、倉敷市、岡山市、岡山市、岡山市、岡山市、岡山市,2021/1/30,土,14
330001,岡山県,倉敷市、倉敷市、岡山市、岡山市、岡山市、岡山市、岡山市、岡山市、岡山市,2021/1/31,日,9
330001,岡山県,赤磐市、真庭市、倉敷市、岡山市、岡山市、岡山市、岡山市,2021/2/1,月,7
330001,岡山県,真庭市、真庭市、真庭市、瀬戸内市、倉敷市、岡山市、岡山市、岡山市、岡山市,2021/2/2,火,9
330001,岡山県,瀬戸内市、備前市、岡山市、岡山市、岡山市、岡山市、岡山市、岡山市、岡山市、岡山市、岡山市、岡山市,2021/2/3,水,12
330001,岡山県,赤磐市、瀬戸内市、岡山市、岡山市、岡山市、岡山市、岡山市、岡山市、岡山市,2021/2/4,木,9
330001,岡山県,赤磐市、倉敷市、岡山市、岡山市、岡山市,2021/2/5,金,5
330001,岡山県,赤磐市、赤磐市、早島町、倉敷市、倉敷市、岡山市、岡山市、岡山市、岡山市、岡山市,2021/2/6,土,10
330001,岡山県,赤磐市、玉野市、真庭市、早島町、瀬戸内市、赤磐市、真庭市、真庭市、真庭市、倉敷市、倉敷市、倉敷市、倉敷市、岡山市、岡山市、岡山市,2021/2/7,日,16
330001,岡山県,瀬戸内市、倉敷市、岡山市,2021/2/8,月,3
330001,岡山県,倉敷市、岡山市、岡山市、岡山市、岡山市、岡山市,2021/2/9,火,6
330001,岡山県,倉敷市、倉敷市、岡山市、岡山市、岡山市、岡山市、岡山市,2021/2/10,水,7
330001,岡山県,倉敷市、岡山市、岡山市、岡山市、岡山市、岡山市,2021/2/11,木,6
330001,岡山県,総社市、倉敷市、倉敷市、岡山市、岡山市、岡山市、岡山市、岡山市、岡山市、岡山市,2021/2/12,金,10
330001,岡山県,早島町、岡山市、岡山市、岡山市,2021/2/13,土,4
330001,岡山県,県内（倉敷市以外）、倉敷市、岡山市,2021/2/14,日,3
330001,岡山県,岡山市、岡山市、岡山市、岡山市,2021/2/15,月,4
330001,岡山県,香川県、浅口市、浅口市、岡山市、岡山市,2021/2/16,火,5
330001,岡山県,岡山市、岡山市、岡山市、岡山市,2021/2/17,水,4
330001,岡山県,岡山市、岡山市,2021/2/18,木,2
330001,岡山県,笠岡市,2021/2/19,金,1
330001,岡山県,岡山市、岡山市,2021/2/20,土,2
330001,岡山県,赤磐市、岡山市、岡山市,2021/2/21,日,3
330001,岡山県,矢掛町、倉敷市、岡山市、岡山市,2021/2/22,月,4
330001,岡山県,玉野市、岡山市,2021/2/23,火,2
330001,岡山県,岡山市、岡山市,2021/2/24,水,2
330001,岡山県,,2021/2/25,木,0
330001,岡山県,玉野市、総社市、備前市、岡山市,2021/2/26,金,4
330001,岡山県,岡山市,2021/2/27,土,1
330001,岡山県,瀬戸内市、岡山市、岡山市、岡山市、岡山市,2021/2/28,日,5
330001,岡山県,他県、岡山市,2021/3/1,月,2
330001,岡山県,岡山市、岡山市,2021/3/2,火,2
330001,岡山県,早島町、岡山市、岡山市、岡山市、岡山市、岡山市、岡山市、岡山市,2021/3/3,水,8
330001,岡山県,瀬戸内市、井原市、倉敷市、岡山市、岡山市、岡山市、岡山市、岡山市、岡山市、岡山市,2021/3/4,木,10
330001,岡山県,瀬戸内市、岡山市、岡山市,2021/3/5,金,3
330001,岡山県,井原市、他県、岡山市、岡山市、岡山市、岡山市、岡山市、岡山市、岡山市,2021/3/6,土,9
330001,岡山県,岡山市、岡山市、岡山市、岡山市、岡山市,2021/3/7,日,5
330001,岡山県,岡山市、岡山市、岡山市,2021/3/8,月,3
330001,岡山県,岡山市、岡山市、岡山市、岡山市、岡山市、岡山市、岡山市、岡山市、岡山市、岡山市,2021/3/9,火,10
330001,岡山県,玉野市、高梁市、赤磐市、岡山市、岡山市、岡山市、岡山市、岡山市、岡山市、岡山市、岡山市、岡山市、岡山市、岡山市、岡山市、岡山市,2021/3/10,水,16
330001,岡山県,高梁市、岡山市、岡山市、岡山市、岡山市、岡山市、岡山市、岡山市、岡山市、岡山市、岡山市,2021/3/11,木,11
330001,岡山県,瀬戸内市、岡山市、岡山市、岡山市、岡山市、岡山市、岡山市、岡山市,2021/3/12,金,8
330001,岡山県,岡山市、岡山市、岡山市、岡山市、岡山市、岡山市,2021/3/13,土,6
330001,岡山県,浅口市、岡山市,2021/3/14,日,2
330001,岡山県,東京都、倉敷市、県外、岡山市,2021/3/15,月,4
330001,岡山県,赤磐市、岡山市、岡山市、岡山市、岡山市,2021/3/16,火,5
330001,岡山県,赤磐市、岡山市,2021/3/17,水,2
330001,岡山県,玉野市、倉敷市、倉敷市、岡山市、岡山市、岡山市、岡山市、岡山市,2021/3/18,木,8
330001,岡山県,総社市、矢掛町、倉敷市、岡山市、岡山市、岡山市、岡山市、岡山市、岡山市,2021/3/19,金,9
330001,岡山県,総社市、瀬戸内市、岡山市、岡山市,2021/3/20,土,4
330001,岡山県,早島町、倉敷市、岡山市、岡山市、岡山市、岡山市、岡山市、岡山市、岡山市,2021/3/21,日,9
330001,岡山県,倉敷市、倉敷市、岡山市、岡山市、岡山市、岡山市、岡山市,2021/3/22,月,7
330001,岡山県,倉敷市、岡山市、岡山市,2021/3/23,火,3
330001,岡山県,赤磐市、倉敷市、県外、岡山市、岡山市,2021/3/24,水,5
330001,岡山県,岡山市、岡山市,2021/3/25,木,2
330001,岡山県,岡山市、岡山市、岡山市、岡山市、岡山市,2021/3/26,金,5
330001,岡山県,,2021/3/27,土,0
330001,岡山県,倉敷市、,2021/3/28,日,3
330001,岡山県,岡山市、岡山市、岡山市、岡山市,2021/3/29,月,4
330001,岡山県,総社市、赤磐市、赤磐市、赤磐市、倉敷市、倉敷市、倉敷市、岡山市、岡山市、岡山市、岡山市、岡山市、岡山市、岡山市、岡山市、岡山市、岡山市、岡山市、岡山市、岡山市、岡山市、岡山市、岡山市、岡山市、岡山市,2021/3/30,火,25
330001,岡山県,大阪府、大阪府、大阪府、浅口市、岡山市、岡山市、岡山市、岡山市、岡山市、岡山市、岡山市、岡山市、岡山市、岡山市、岡山市、岡山市、岡山市、岡山市、岡山市,2021/3/31,水,19
330001,岡山県,赤磐市、赤磐市、備前市、岡山市、岡山市、岡山市、岡山市、岡山市、岡山市、岡山市,2021/4/1,木,10
330001,岡山県,赤磐市、赤磐市、赤磐市、倉敷市、岡山市、岡山市、岡山市、岡山市、岡山市、岡山市、岡山市、岡山市、岡山市、岡山市、岡山市、岡山市、岡山市、岡山市,2021/4/2,金,18
330001,岡山県,高梁市、井原市、備前市、津山市、赤磐市、倉敷市、岡山市、岡山市、岡山市、岡山市、岡山市、岡山市、岡山市、岡山市、岡山市、岡山市、岡山市、岡山市、岡山市、岡山市,2021/4/3,土,20
330001,岡山県,津山市、津山市、倉敷市、倉敷市、倉敷市外、岡山市、岡山市、岡山市、岡山市、岡山市、岡山市、岡山市、岡山市、岡山市,2021/4/4,日,14
330001,岡山県,真庭市、早島町、早島町、岡山市、岡山市、岡山市、岡山市,2021/4/5,月,7
330001,岡山県,真庭市、真庭市、真庭市、真庭市、備前市、真庭市、真庭市、倉敷市、倉敷市、倉敷市、倉敷市、岡山市、岡山市、岡山市、岡山市、岡山市、岡山市、岡山市、岡山市,2021/4/6,火,19
330001,岡山県,新見市、久米南町、備前市、赤磐市、倉敷市、倉敷市、倉敷市、倉敷市、倉敷市、倉敷市、倉敷市、岡山市、岡山市、岡山市、岡山市、岡山市、岡山市、岡山市、岡山市、岡山市、岡山市、岡山市、岡山市,2021/4/7,水,23
330001,岡山県,備前市、新見市、久米南町、久米南町、笠岡市、笠岡市、笠岡市、笠岡市、和気町、久米南町、久米南町、笠岡市、笠岡市、倉敷市、倉敷市、倉敷市、岡山市、岡山市、岡山市、岡山市、岡山市、岡山市、岡山市、岡山市、岡山市、岡山市,2021/4/8,木,26
330001,岡山県,新見市、和気町、和気町、真庭市、真庭市、備前市、新見市、新見市、新見市、新見市、新見市、新見市、新見市、新見市、新見市、新見市、新見市、新見市、新見市、新見市、倉敷市、倉敷市、倉敷市、岡山市、岡山市、岡山市、岡山市、岡山市、岡山市、岡山市、岡山市、岡山市、岡山市、岡山市、岡山市、岡山市、岡山市、岡山市、岡山市,2021/4/9,金,39
330001,岡山県,備前市、勝央町、新見市、新見市、新見市、新見市、新見市、新見市、新見市、新見市、新見市、新見市、新見市、新見市、新見市、新見市、新見市、新見市、新見市、新見市、新見市、新見市、新見市、倉敷市、倉敷市、倉敷市、倉敷市、倉敷市、倉敷市、岡山市、岡山市、岡山市、岡山市、岡山市、岡山市、岡山市、岡山市、岡山市、岡山市、岡山市、岡山市、岡山市,2021/4/10,土,42
330001,岡山県,総社市、津山市、浅口市、美咲町、美作市、新見市、新見市、新見市、新見市、新見市、新見市、新見市、新見市、新見市、新見市、新見市、倉敷市、倉敷市、倉敷市、倉敷市、倉敷市、倉敷市、倉敷市、倉敷市、倉敷市、倉敷市、岡山市、岡山市、岡山市、岡山市、岡山市、岡山市、岡山市、岡山市、岡山市、岡山市、岡山市、岡山市、岡山市、岡山市、岡山市、岡山市,2021/4/11,日,42
330001,岡山県,勝央町、備前市、津山市、津山市、総社市、総社市、美作市、岡山市、岡山市、岡山市、岡山市、岡山市、岡山市、岡山市、岡山市、岡山市、県外、倉敷市、倉敷市、倉敷市、倉敷市,2021/4/12,月,21
330001,岡山県,玉野市、備前市、備前市、備前市、真庭市、兵庫県、岡山市、岡山市、岡山市、岡山市、岡山市、岡山市、岡山市、岡山市、倉敷市、倉敷市、倉敷市,2021/4/13,火,17
330001,岡山県,新見市、真庭市、真庭市、真庭市、赤磐市、津山市、津山市、岡山市、岡山市、岡山市、岡山市、岡山市、岡山市、岡山市、岡山市、岡山市、岡山市、岡山市、岡山市、倉敷市、倉敷市、倉敷市、倉敷市、倉敷市、倉敷市、倉敷市、倉敷市、倉敷市、倉敷市、倉敷市、倉敷市、倉敷市,2021/4/14,水,32
330001,岡山県,新見市、新見市、新見市、新見市、新見市、新見市、新見市、新見市、新見市、玉野市、美作市、津山市、真庭市、玉野市、玉野市、岡山市、岡山市、岡山市、岡山市、岡山市、岡山市、岡山市、岡山市、岡山市、岡山市、岡山市、岡山市、岡山市、岡山市、倉敷市、倉敷市、倉敷市、倉敷市、倉敷市、倉敷市、倉敷市、倉敷市、倉敷市、倉敷市、倉敷市、倉敷市、倉敷市、倉敷市、倉敷市、倉敷市、倉敷市,2021/4/15,木,46
330001,岡山県,浅口市、里庄町、新見市、大阪府、玉野市、津山市、津山市、津山市、新見市、高梁市、岡山市、岡山市、岡山市、岡山市、岡山市、岡山市、岡山市、岡山市、岡山市、岡山市、岡山市、岡山市、岡山市、岡山市、岡山市、倉敷市、倉敷市、倉敷市、倉敷市、倉敷市、倉敷市,2021/4/16,金,31
330001,岡山県,玉野市、玉野市、玉野市、玉野市、玉野市、玉野市、玉野市、浅口市、浅口市、浅口市、浅口市、総社市、総社市、真庭市、赤磐市、備前市、岡山市、岡山市、岡山市、岡山市、岡山市、岡山市、岡山市、岡山市、岡山市、岡山市、岡山市、岡山市、岡山市、岡山市、岡山市、岡山市、岡山市、岡山市、岡山市、岡山市、岡山市、岡山市、倉敷市、倉敷市、倉敷市、倉敷市、倉敷市、倉敷市、倉敷市、倉敷市、倉敷市、倉敷市、倉敷市、倉敷市、倉敷市、倉敷市、倉敷市,2021/4/17,土,53
330001,岡山県,高梁市、高梁市、総社市、総社市、総社市、総社市、総社市、総社市、総社市、総社市、赤磐市、真庭市、新見市、新見市、玉野市、玉野市、和気町、総社市、総社市、総社市、総社市、総社市、総社市、総社市、総社市、総社市、総社市、総社市、総社市、倉敷市、倉敷市、倉敷市、倉敷市、倉敷市、倉敷市、倉敷市、倉敷市、倉敷市、倉敷市、倉敷市、倉敷市、岡山市、岡山市、岡山市、岡山市、岡山市、岡山市、岡山市、岡山市、岡山市、岡山市、岡山市、岡山市、岡山市、岡山市、岡山市、岡山市、岡山市、岡山市、岡山市、岡山市,2021/4/18,日,61
330001,岡山県,玉野市、玉野市、瀬戸内市、岡山市、岡山市、岡山市、岡山市、岡山市、岡山市、岡山市、岡山市、岡山市、倉敷市、倉敷市、倉敷市、倉敷市、倉敷市、倉敷市、倉敷市、倉敷市、倉敷市、倉敷市、倉敷市、倉敷市、倉敷市、倉敷市、倉敷市、倉敷市、倉敷市、倉敷市,2021/4/19,月,30
330001,岡山県,浅口市、浅口市、和気町、和気町、浅口市、勝央町、瀬戸内市、津山市、高梁市、倉敷市、倉敷市、倉敷市、倉敷市、倉敷市、倉敷市、倉敷市、倉敷市、倉敷市、岡山市、岡山市、岡山市、岡山市、岡山市、岡山市、岡山市、岡山市、岡山市、岡山市、岡山市、岡山市、岡山市、岡山市、岡山市、岡山市、岡山市、岡山市、岡山市、岡山市,2021/4/20,火,38
330001,岡山県,瀬戸内市、玉野市、真庭市、真庭市、新見市、新見市、新見市、総社市、浅口市、玉野市、津山市、総社市、和気町、総社市、瀬戸内市、倉敷市、倉敷市、倉敷市、倉敷市、倉敷市、倉敷市、倉敷市、倉敷市、倉敷市、倉敷市、倉敷市、倉敷市、倉敷市、倉敷市、倉敷市、倉敷市、倉敷市、岡山市、岡山市、岡山市、岡山市、岡山市、岡山市、岡山市、岡山市、岡山市、岡山市、岡山市、岡山市、岡山市、岡山市、岡山市、岡山市、岡山市、岡山市、岡山市、岡山市、岡山市、岡山市、岡山市、岡山市、岡山市、岡山市,2021/4/21,水,58
330001,岡山県,玉野市、新見市、笠岡市、玉野市、総社市、総社市、総社市、総社市、倉敷市、倉敷市、倉敷市、倉敷市、倉敷市、倉敷市、倉敷市、倉敷市、岡山市、岡山市、岡山市、岡山市、岡山市、岡山市、岡山市、岡山市、岡山市、岡山市、岡山市、岡山市、岡山市、岡山市、岡山市、岡山市、岡山市、岡山市、岡山市、岡山市、岡山市、岡山市、岡山市、岡山市、岡山市、岡山市、岡山市、岡山市、岡山市,2021/4/22,木,45
330001,岡山県,兵庫県、笠岡市、笠岡市、高梁市、早島町、総社市、玉野市、玉野市、玉野市、津山市、総社市、赤磐市、総社市、総社市、総社市、総社市、総社市、総社市、倉敷市、倉敷市、倉敷市、倉敷市、倉敷市、倉敷市、倉敷市、倉敷市、倉敷市、倉敷市、倉敷市、倉敷市、倉敷市、倉敷市、倉敷市、倉敷市、倉敷市、倉敷市、倉敷市、倉敷市、倉敷市、倉敷市、倉敷市、倉敷市、倉敷市、倉敷市、岡山市、岡山市、岡山市、岡山市、岡山市、岡山市、岡山市、岡山市、岡山市、岡山市、岡山市、岡山市、岡山市、岡山市、岡山市、岡山市、岡山市、岡山市,2021/4/23,金,62
330001,岡山県,浅口市、笠岡市、高梁市、浅口市、勝央町、勝央町、瀬戸内市、津山市、備前市、総社市、玉野市、新見市、赤磐市、総社市、総社市、瀬戸内市、瀬戸内市、瀬戸内市、瀬戸内市、玉野市、倉敷市、倉敷市、倉敷市、倉敷市、倉敷市、倉敷市、倉敷市、倉敷市、倉敷市、倉敷市、倉敷市、倉敷市、倉敷市、倉敷市、倉敷市、倉敷市、倉敷市、倉敷市、倉敷市、倉敷市、倉敷市、倉敷市、倉敷市、倉敷市、倉敷市、倉敷市、倉敷市、倉敷市、倉敷市、倉敷市、倉敷市、倉敷市、倉敷市、岡山市、岡山市、岡山市、岡山市、岡山市、岡山市、岡山市、岡山市、岡山市、岡山市、岡山市、岡山市、岡山市、岡山市、岡山市、岡山市、岡山市、岡山市、岡山市、岡山市、岡山市、岡山市、岡山市、岡山市、岡山市、岡山市、岡山市、岡山市、岡山市、岡山市、岡山市、岡山市、岡山市、岡山市、岡山市、県外,2021/4/24,土,89
330001,岡山県,玉野市、瀬戸内市、玉野市、総社市、赤磐市、備前市、総社市、里庄町、勝央町、備前市、総社市、玉野市、玉野市、玉野市、倉敷市、倉敷市、倉敷市、倉敷市、倉敷市、倉敷市、倉敷市、倉敷市、倉敷市、倉敷市、倉敷市、倉敷市、倉敷市、倉敷市、倉敷市、倉敷市、倉敷市、倉敷市、倉敷市、倉敷市、倉敷市、倉敷市、倉敷市、倉敷市、倉敷市、倉敷市、倉敷市、倉敷市、倉敷市、倉敷市、倉敷市、倉敷市、倉敷市、岡山市、岡山市、岡山市、岡山市、岡山市、岡山市、岡山市、岡山市、岡山市、岡山市、岡山市、岡山市、岡山市、岡山市、岡山市、岡山市、岡山市、岡山市,2021/4/25,日,65
330001,岡山県,玉野市、新見市、総社市、総社市、大阪府、大阪府、津山市、津山市、総社市、倉敷市、倉敷市、倉敷市、倉敷市、倉敷市、倉敷市、倉敷市、倉敷市、倉敷市、倉敷市、倉敷市、倉敷市、倉敷市、倉敷市、岡山市、岡山市、岡山市、岡山市、岡山市、岡山市、岡山市、岡山市、岡山市、岡山市、岡山市、岡山市、岡山市、岡山市、岡山市,2021/4/26,月,38
330001,岡山県,津山市、津山市、総社市、総社市、総社市、総社市、総社市、浅口市、玉野市、玉野市、玉野市、玉野市、玉野市、美作市、津山市、西粟倉村、非公表、倉敷市、倉敷市、倉敷市、倉敷市、倉敷市、倉敷市、倉敷市、倉敷市、倉敷市、倉敷市、岡山市、岡山市、岡山市、岡山市、岡山市、岡山市、岡山市、岡山市、岡山市、岡山市、岡山市、岡山市、岡山市、岡山市、県外、岡山市、岡山市、岡山市、岡山市、岡山市、岡山市、岡山市、岡山市、岡山市、岡山市、岡山市、岡山市、岡山市、岡山市、岡山市、岡山市,2021/4/27,火,47
330001,岡山県,矢掛町、矢掛町、矢掛町、総社市、玉野市、玉野市、高梁市、笠岡市、備前市、新見市、真庭市、総社市、総社市、総社市、総社市、総社市、総社市、総社市、総社市、総社市、総社市、総社市、総社市、倉敷市、倉敷市、倉敷市、倉敷市、倉敷市、倉敷市、倉敷市、倉敷市、倉敷市、倉敷市、倉敷市、倉敷市、倉敷市、倉敷市、倉敷市、倉敷市、倉敷市、倉敷市、倉敷市、倉敷市、倉敷市、倉敷市、倉敷市、倉敷市、倉敷市、倉敷市、倉敷市、倉敷市、倉敷市、倉敷市、倉敷市、倉敷市、倉敷市、岡山市、岡山市、岡山市、岡山市、岡山市、岡山市、岡山市、岡山市、岡山市、岡山市、岡山市、岡山市、岡山市、岡山市、岡山市、岡山市、岡山市、岡山市、岡山市、岡山市、岡山市、岡山市、岡山市、岡山市、岡山市、岡山市、岡山市、岡山市、岡山市、岡山市、岡山市,2021/4/28,水,87
330001,岡山県,玉野市、瀬戸内市、総社市、総社市、津山市、真庭市、高梁市、総社市、真庭市、真庭市、玉野市、真庭市、真庭市、真庭市、真庭市、真庭市、吉備中央町、総社市、総社市、真庭市、真庭市、真庭市、真庭市、真庭市、真庭市、真庭市、真庭市、真庭市、真庭市、真庭市、倉敷市、倉敷市、倉敷市、倉敷市、倉敷市、倉敷市、倉敷市、倉敷市、倉敷市、倉敷市、倉敷市、倉敷市、倉敷市、倉敷市、倉敷市、倉敷市、倉敷市、倉敷市、倉敷市、倉敷市、倉敷市、倉敷市、倉敷市、倉敷市、倉敷市、倉敷市、岡山市、岡山市、岡山市、岡山市、岡山市、岡山市、岡山市、岡山市、岡山市、岡山市、岡山市、岡山市、岡山市、岡山市、岡山市、岡山市、岡山市、岡山市、岡山市、岡山市、岡山市、岡山市、岡山市、岡山市、岡山市、岡山市、岡山市、岡山市、岡山市、岡山市、岡山市、岡山市、岡山市、岡山市、岡山市、岡山市、岡山市、岡山市、岡山市、岡山市、岡山市、岡山市、岡山市,2021/4/29,木,99
330001,岡山県,倉敷市、倉敷市、倉敷市、倉敷市、倉敷市、倉敷市、倉敷市、倉敷市、倉敷市、倉敷市、倉敷市、倉敷市、倉敷市、倉敷市、岡山市、岡山市、岡山市、岡山市、岡山市、岡山市、岡山市、岡山市、岡山市、岡山市、岡山市、岡山市、岡山市、岡山市、岡山市、岡山市、岡山市、岡山市、岡山市、岡山市、岡山市、岡山市,2021/4/30,金,74
330001,岡山県,新見市、高梁市、総社市、備前市、備前市、備前市、備前市、瀬戸内市、玉野市、玉野市、玉野市、矢掛町、津山市、真庭市、倉敷市、倉敷市、倉敷市、倉敷市、倉敷市、倉敷市、倉敷市、倉敷市、倉敷市、倉敷市、倉敷市、倉敷市、倉敷市、倉敷市、岡山市、岡山市、岡山市、岡山市、岡山市、岡山市、岡山市、岡山市、岡山市、岡山市、岡山市、岡山市、岡山市、岡山市、岡山市、岡山市、岡山市、岡山市、岡山市、岡山市、岡山市、岡山市、岡山市、岡山市、岡山市、岡山市、岡山市、岡山市、岡山市、岡山市、岡山市、岡山市、岡山市、岡山市、岡山市、岡山市、岡山市、岡山市、岡山市、岡山市、岡山市、岡山市、岡山市、岡山市、岡山市、岡山市、岡山市、岡山市,2021/5/1,土,76
330001,岡山県,浅口市、玉野市、総社市、総社市、津山市、津山市、備前市、玉野市、玉野市、津山市、津山市、玉野市、倉敷市、倉敷市、倉敷市、倉敷市、倉敷市、倉敷市、倉敷市、倉敷市、倉敷市、倉敷市、倉敷市、倉敷市、倉敷市、倉敷市、倉敷市、倉敷市、倉敷市、倉敷市、倉敷市、倉敷市、倉敷市、倉敷市、倉敷市、倉敷市、倉敷市、倉敷市、倉敷市、倉敷市、倉敷市、倉敷市、倉敷市、倉敷市、倉敷市、倉敷市、倉敷市、倉敷市、倉敷市、倉敷市、倉敷市、岡山市、岡山市、岡山市、岡山市、岡山市、岡山市、岡山市、岡山市、岡山市、岡山市、岡山市、岡山市、岡山市、岡山市、岡山市、岡山市、岡山市、岡山市、岡山市、岡山市、岡山市、岡山市、岡山市、岡山市、岡山市、岡山市、岡山市、岡山市、岡山市、岡山市、岡山市、岡山市、岡山市、岡山市、岡山市、岡山市、岡山市、岡山市、岡山市、岡山市、岡山市、岡山市、岡山市、岡山市、岡山市、岡山市、岡山市、岡山市、岡山市、岡山市、岡山市、岡山市、岡山市、岡山市、岡山市、岡山市、岡山市、岡山市、岡山市、岡山市、岡山市、岡山市、岡山市、岡山市,2021/5/2,日,114
330001,岡山県,高梁市、玉野市、真庭市、笠岡市、真庭市、玉野市、玉野市、真庭市、真庭市、真庭市、真庭市、真庭市、真庭市、備前市、真庭市、倉敷市、倉敷市、倉敷市、倉敷市、倉敷市、倉敷市、倉敷市、倉敷市、倉敷市、倉敷市、倉敷市、倉敷市、倉敷市、倉敷市、倉敷市、倉敷市、倉敷市、倉敷市、倉敷市、倉敷市、倉敷市、倉敷市、倉敷市、倉敷市、倉敷市、倉敷市、倉敷市、倉敷市、倉敷市、倉敷市、倉敷市、倉敷市、倉敷市、倉敷市、倉敷市、倉敷市、倉敷市、倉敷市、倉敷市、倉敷市、倉敷市、倉敷市、倉敷市、倉敷市、岡山市、岡山市、岡山市、岡山市、岡山市、岡山市、岡山市、岡山市、岡山市、岡山市、岡山市、岡山市、岡山市、岡山市、岡山市、岡山市、岡山市、岡山市、岡山市、岡山市、岡山市、岡山市、岡山市、岡山市、岡山市、岡山市、岡山市、岡山市、岡山市、岡山市、岡山市、岡山市、岡山市、岡山市、岡山市、岡山市、岡山市、岡山市、岡山市、岡山市、岡山市、岡山市、岡山市、岡山市、岡山市、岡山市、岡山市、岡山市、岡山市、岡山市、岡山市、岡山市、岡山市、岡山市、岡山市、岡山市、岡山市、岡山市、岡山市、岡山市、岡山市,2021/5/3,月,109
330001,岡山県,笠岡市、備前市、井原市、瀬戸内市、瀬戸内市、倉敷市、倉敷市、倉敷市、倉敷市、倉敷市、倉敷市、倉敷市、倉敷市、倉敷市、倉敷市、倉敷市、倉敷市、倉敷市、倉敷市、倉敷市、倉敷市、倉敷市、倉敷市、倉敷市、倉敷市、倉敷市、倉敷市、倉敷市、倉敷市、倉敷市、倉敷市、倉敷市、倉敷市、倉敷市、倉敷市、倉敷市、倉敷市、岡山市、岡山市、岡山市、岡山市、岡山市、岡山市、岡山市、県外、岡山市、岡山市、岡山市、岡山市、岡山市、岡山市、岡山市、岡山市、岡山市、岡山市、岡山市、岡山市、岡山市、岡山市、岡山市、岡山市、岡山市、岡山市、岡山市、岡山市、岡山市、岡山市、岡山市,2021/5/4,火,68
330001,岡山県,玉野市、総社市、真庭市、津山市、赤磐市、赤磐市、津山市、玉野市、玉野市、早島町、早島町、早島町、倉敷市、倉敷市、倉敷市、倉敷市、倉敷市、倉敷市、倉敷市、倉敷市、倉敷市、倉敷市、倉敷市、倉敷市、倉敷市、倉敷市、倉敷市、倉敷市、倉敷市、倉敷市、倉敷市、倉敷市、倉敷市、岡山市、岡山市、岡山市、岡山市、岡山市、岡山市、岡山市、岡山市、岡山市、岡山市、岡山市、岡山市、岡山市、岡山市、岡山市、岡山市、岡山市、岡山市、岡山市、岡山市、岡山市、岡山市、岡山市、岡山市、岡山市、岡山市、岡山市、岡山市、岡山市、岡山市、岡山市、岡山市、岡山市、岡山市、岡山市、岡山市、岡山市、岡山市、岡山市、岡山市、岡山市、岡山市、岡山市、岡山市、岡山市、岡山市、岡山市、岡山市、岡山市、岡山市、岡山市、岡山市、岡山市、岡山市、岡山市、岡山市、岡山市、岡山市,2021/5/5,水,91
330001,岡山県,真庭市、瀬戸内市、新見市、赤磐市、玉野市、瀬戸内市、倉敷市、倉敷市、倉敷市、倉敷市、倉敷市、倉敷市、倉敷市、倉敷市、倉敷市、倉敷市、倉敷市、倉敷市、倉敷市、倉敷市、倉敷市、倉敷市、倉敷市、倉敷市、倉敷市、倉敷市、倉敷市、倉敷市、倉敷市、倉敷市、倉敷市、倉敷市、倉敷市、倉敷市、倉敷市、倉敷市、倉敷市、倉敷市、倉敷市、倉敷市、倉敷市、岡山市、岡山市、岡山市、岡山市、岡山市、岡山市、岡山市、岡山市、岡山市、岡山市、岡山市、岡山市、岡山市、岡山市、岡山市、岡山市、岡山市、岡山市、岡山市、岡山市、岡山市、岡山市、岡山市、岡山市、岡山市、岡山市、岡山市、岡山市、岡山市、岡山市、岡山市、岡山市、岡山市、岡山市、岡山市、岡山市、岡山市、岡山市、岡山市、岡山市、岡山市、岡山市、岡山市、岡山市、岡山市、岡山市、岡山市、岡山市、岡山市、岡山市、岡山市、岡山市、岡山市、岡山市、岡山市、岡山市、岡山市、岡山市、岡山市、岡山市、岡山市、岡山市、岡山市、岡山市、岡山市、岡山市、岡山市、岡山市、岡山市、岡山市、岡山市、岡山市、岡山市,2021/5/6,木,114
330001,岡山県,備前市、赤磐市、東京都、瀬戸内市、高梁市、高梁市、赤磐市、津山市、倉敷市、倉敷市、倉敷市、倉敷市、倉敷市、倉敷市、倉敷市、倉敷市、倉敷市、倉敷市、倉敷市、倉敷市、倉敷市、倉敷市、倉敷市、倉敷市、倉敷市、倉敷市、倉敷市、倉敷市、倉敷市、倉敷市、倉敷市、倉敷市、倉敷市、倉敷市、倉敷市、倉敷市、岡山市、岡山市、岡山市、岡山市、岡山市、岡山市、岡山市、岡山市、岡山市、岡山市、岡山市、岡山市、岡山市、岡山市、岡山市、岡山市、岡山市、岡山市、岡山市、岡山市、岡山市、岡山市、岡山市、岡山市、岡山市、岡山市、岡山市、岡山市、岡山市、岡山市、岡山市、岡山市、岡山市、岡山市、岡山市、岡山市、岡山市、岡山市、岡山市、岡山市、岡山市、岡山市、岡山市、岡山市、岡山市、岡山市、岡山市、岡山市、岡山市、岡山市、岡山市、岡山市、岡山市、岡山市、岡山市、岡山市、岡山市、岡山市、岡山市、岡山市、岡山市、岡山市、岡山市、岡山市、岡山市、岡山市、岡山市、岡山市、岡山市、岡山市、岡山市、岡山市、岡山市、岡山市、岡山市、岡山市、岡山市、岡山市、岡山市、岡山市、岡山市、岡山市、岡山市、岡山市、岡山市、岡山市、岡山市、岡山市、岡山市、岡山市、岡山市、岡山市、岡山市,2021/5/7,金,129
330001,岡山県,新見市、新見市、瀬戸内市、瀬戸内市、赤磐市、赤磐市、赤磐市、笠岡市、備前市、備前市、総社市、総社市、総社市、総社市、矢掛町、早島町、静岡県、倉敷市、倉敷市、倉敷市、倉敷市、倉敷市、倉敷市、倉敷市、倉敷市、倉敷市、倉敷市、倉敷市、倉敷市、倉敷市、倉敷市、倉敷市、倉敷市、倉敷市、倉敷市、倉敷市、倉敷市、倉敷市、倉敷市、倉敷市、倉敷市、倉敷市、倉敷市、倉敷市、倉敷市、倉敷市、倉敷市、倉敷市、倉敷市、倉敷市、倉敷市、倉敷市、倉敷市、倉敷市、倉敷市、倉敷市、倉敷市、倉敷市、倉敷市、倉敷市、倉敷市、倉敷市、倉敷市、倉敷市、倉敷市、倉敷市、倉敷市、倉敷市、倉敷市、倉敷市、倉敷市、岡山市、岡山市、岡山市、岡山市、岡山市、岡山市、岡山市、岡山市、岡山市、岡山市、岡山市、岡山市、岡山市、岡山市、岡山市、岡山市、岡山市、岡山市、岡山市、岡山市、岡山市、岡山市、岡山市、岡山市、岡山市、岡山市、岡山市、岡山市、岡山市、岡山市、岡山市、岡山市、岡山市、岡山市、岡山市、岡山市、岡山市、岡山市、岡山市、岡山市、岡山市、岡山市、岡山市、岡山市、岡山市、岡山市、岡山市、岡山市、岡山市、岡山市、岡山市、岡山市、岡山市、岡山市、岡山市、岡山市、岡山市、岡山市、岡山市、岡山市、岡山市、岡山市、岡山市、岡山市、岡山市、岡山市、岡山市、岡山市、岡山市、岡山市、岡山市、岡山市、岡山市、岡山市、岡山市、岡山市、岡山市、岡山市、岡山市、岡山市、岡山市、岡山市、岡山市、岡山市、岡山市、岡山市、岡山市、岡山市、岡山市、岡山市、岡山市、岡山市、岡山市、岡山市、岡山市、岡山市、岡山市、岡山市、岡山市、岡山市、岡山市、岡山市、岡山市、岡山市、岡山市、岡山市、岡山市、岡山市、岡山市、岡山市、岡山市、岡山市、岡山市、岡山市、岡山市、岡山市、岡山市、岡山市,2021/5/8,土,189
330001,岡山県,笠岡市、瀬戸内市、瀬戸内市、赤磐市、総社市、総社市、吉備中央町、西粟倉村、勝央町、美咲町、総社市、備前市、総社市、赤磐市、備前市、和気町、倉敷市、倉敷市、倉敷市、倉敷市、倉敷市、倉敷市、倉敷市、倉敷市、倉敷市、倉敷市、倉敷市、倉敷市、倉敷市、倉敷市、倉敷市、倉敷市、倉敷市、倉敷市、倉敷市、倉敷市、倉敷市、倉敷市、倉敷市、倉敷市、倉敷市、倉敷市、倉敷市、倉敷市、倉敷市、倉敷市、倉敷市、倉敷市、倉敷市、倉敷市、倉敷市、倉敷市、倉敷市、倉敷市、倉敷市、倉敷市、倉敷市、倉敷市、倉敷市、倉敷市、倉敷市、倉敷市、倉敷市、倉敷市、岡山市、岡山市、岡山市、岡山市、岡山市、岡山市、岡山市、岡山市、岡山市、岡山市、岡山市、岡山市、岡山市、岡山市、岡山市、岡山市、岡山市、岡山市、岡山市、岡山市、岡山市、岡山市、岡山市、岡山市、岡山市、岡山市、岡山市、岡山市、岡山市、岡山市、岡山市、岡山市、岡山市、岡山市、岡山市、岡山市、岡山市、岡山市、岡山市、岡山市、岡山市、岡山市、岡山市、岡山市、岡山市、岡山市、岡山市、岡山市、岡山市、岡山市、岡山市、岡山市、岡山市、岡山市、岡山市、岡山市、岡山市、岡山市、岡山市、岡山市、岡山市、岡山市、岡山市、岡山市、岡山市、岡山市、岡山市、岡山市、岡山市、岡山市、岡山市、岡山市、岡山市、岡山市、岡山市、岡山市、岡山市、岡山市、岡山市、岡山市、岡山市、岡山市、岡山市、岡山市、岡山市、岡山市、岡山市,2021/5/9,日,151
330001,岡山県,美作市、高梁市、総社市、真庭市、真庭市、総社市、総社市、総社市、赤磐市、備前市、早島町、総社市、備前市、美咲町、倉敷市、倉敷市、倉敷市、倉敷市、倉敷市、倉敷市、倉敷市、倉敷市、倉敷市、倉敷市、倉敷市、倉敷市、倉敷市、倉敷市、倉敷市、倉敷市、倉敷市、倉敷市、倉敷市、倉敷市、倉敷市、倉敷市、倉敷市、倉敷市、倉敷市、倉敷市、倉敷市、倉敷市、倉敷市、倉敷市、倉敷市、倉敷市、倉敷市、倉敷市、倉敷市、倉敷市、倉敷市、倉敷市、倉敷市、倉敷市、岡山市、岡山市、岡山市、岡山市、岡山市、岡山市、岡山市、岡山市、岡山市、岡山市、岡山市、岡山市、岡山市、岡山市、岡山市、岡山市、岡山市、岡山市、岡山市、岡山市、岡山市、岡山市、岡山市、岡山市、岡山市、岡山市、岡山市、岡山市、岡山市、岡山市、岡山市、岡山市、岡山市、岡山市、岡山市、岡山市、岡山市、岡山市、岡山市、岡山市、岡山市、岡山市、岡山市、岡山市、岡山市、岡山市、岡山市、岡山市、岡山市、岡山市、岡山市、岡山市、岡山市、岡山市、岡山市、岡山市、岡山市、岡山市、岡山市、岡山市、岡山市、岡山市、岡山市、岡山市、岡山市、岡山市、岡山市、岡山市、岡山市、岡山市、岡山市、岡山市、岡山市、岡山市、岡山市、岡山市、岡山市、岡山市、岡山市、岡山市、岡山市、岡山市、岡山市,2021/5/10,月,137
330001,岡山県,高梁市、高梁市、瀬戸内市、瀬戸内市、真庭市、真庭市、浅口市、井原市、赤磐市、和気町、赤磐市、新見市、総社市、総社市、高梁市、笠岡市、井原市、井原市、赤磐市、吉備中央町、玉野市、浅口市、浅口市、早島町、早島町、備前市、美咲町、総社市、備前市、玉野市、倉敷市、倉敷市、倉敷市、倉敷市、倉敷市、倉敷市、倉敷市、倉敷市、倉敷市、倉敷市、倉敷市、倉敷市、倉敷市、倉敷市、岡山市、岡山市、岡山市、岡山市、岡山市、岡山市、岡山市、岡山市、岡山市、岡山市、岡山市、岡山市、岡山市、岡山市、岡山市、岡山市、岡山市、岡山市、岡山市、岡山市、岡山市、岡山市、岡山市、岡山市、岡山市、岡山市、岡山市、岡山市、岡山市、岡山市、岡山市、岡山市、岡山市、岡山市、岡山市、岡山市、岡山市、岡山市、岡山市、岡山市、岡山市、岡山市、岡山市、岡山市、岡山市、岡山市、岡山市、岡山市、岡山市、岡山市、岡山市、岡山市、岡山市、岡山市、岡山市、岡山市、岡山市、岡山市、岡山市、岡山市、岡山市、岡山市、岡山市、岡山市、岡山市、岡山市、岡山市、岡山市、岡山市、岡山市、岡山市、岡山市、岡山市、岡山市、岡山市、岡山市、岡山市、岡山市、岡山市、岡山市、岡山市、岡山市、岡山市、岡山市、岡山市、岡山市、岡山市、岡山市、岡山市,2021/5/11,火,133
330001,岡山県,笠岡市、笠岡市、井原市、瀬戸内市、備前市、勝央町、井原市、新見市、真庭市、赤磐市、真庭市、真庭市、津山市、玉野市、早島町、赤磐市、赤磐市、赤磐市、新見市、玉野市、玉野市、玉野市、津山市、総社市、備前市、早島町、倉敷市、倉敷市、倉敷市、倉敷市、倉敷市、倉敷市、倉敷市、倉敷市、倉敷市、倉敷市、倉敷市、倉敷市、倉敷市、倉敷市、倉敷市、倉敷市、倉敷市、倉敷市、倉敷市、倉敷市、倉敷市、倉敷市、倉敷市、倉敷市、倉敷市、倉敷市、倉敷市、倉敷市、倉敷市、倉敷市、倉敷市、倉敷市、倉敷市、倉敷市、倉敷市、倉敷市、倉敷市、倉敷市、倉敷市、倉敷市、倉敷市、倉敷市、倉敷市、倉敷市、倉敷市、倉敷市、岡山市、岡山市、岡山市、岡山市、岡山市、岡山市、岡山市、岡山市、岡山市、岡山市、岡山市、岡山市、岡山市、岡山市、岡山市、岡山市、岡山市、岡山市、岡山市、岡山市、岡山市、岡山市、岡山市、岡山市、岡山市、岡山市、岡山市、岡山市、岡山市、岡山市、岡山市、岡山市、岡山市、岡山市、岡山市、岡山市、岡山市、岡山市、岡山市、岡山市、岡山市、岡山市、岡山市、岡山市、岡山市、岡山市、岡山市、岡山市、岡山市、岡山市、岡山市、岡山市、岡山市、岡山市、岡山市、岡山市、岡山市、岡山市、岡山市、岡山市、岡山市、岡山市、岡山市、岡山市、岡山市、岡山市、岡山市、岡山市、岡山市、岡山市、岡山市、岡山市、岡山市、岡山市、岡山市、岡山市、岡山市、岡山市、岡山市、岡山市、岡山市、岡山市、岡山市、岡山市、岡山市、岡山市、岡山市、岡山市、岡山市、岡山市、岡山市、岡山市、岡山市、岡山市、岡山市、岡山市、岡山市、岡山市、岡山市、岡山市、岡山市、岡山市、岡山市、岡山市、岡山市、岡山市、岡山市、岡山市、岡山市、岡山市、岡山市、岡山市、岡山市、岡山市,2021/5/12,水,186
330001,岡山県,笠岡市、笠岡市、高梁市、真庭市、真庭市、真庭市、総社市、総社市、早島町、笠岡市、笠岡市、玉野市、新見市、玉野市、吉備中央町、津山市、津山市、浅口市、浅口市、総社市、瀬戸内市、瀬戸内市、総社市、総社市、総社市、早島町、倉敷市、倉敷市、倉敷市、倉敷市、倉敷市、倉敷市、倉敷市、倉敷市、倉敷市、倉敷市、倉敷市、倉敷市、倉敷市、倉敷市、倉敷市、倉敷市、倉敷市、倉敷市、倉敷市、倉敷市、倉敷市、倉敷市、倉敷市、倉敷市、倉敷市、倉敷市、倉敷市、倉敷市、倉敷市、倉敷市、倉敷市、倉敷市、倉敷市、倉敷市、倉敷市、倉敷市、倉敷市、倉敷市、倉敷市、倉敷市、倉敷市、岡山市、岡山市、岡山市、岡山市、岡山市、岡山市、岡山市、岡山市、岡山市、岡山市、岡山市、岡山市、岡山市、岡山市、岡山市、岡山市、岡山市、岡山市、岡山市、岡山市、岡山市、岡山市、岡山市、岡山市、岡山市、岡山市、岡山市、岡山市、岡山市、岡山市、岡山市、岡山市、岡山市、岡山市、岡山市、岡山市、岡山市、岡山市、岡山市、岡山市、岡山市、岡山市、岡山市、岡山市、岡山市、岡山市、岡山市、岡山市、岡山市、岡山市、岡山市、岡山市、岡山市、岡山市、岡山市、岡山市、岡山市、岡山市、岡山市、岡山市、岡山市、岡山市、岡山市、岡山市、岡山市、岡山市、岡山市、岡山市、岡山市、岡山市、岡山市、岡山市、岡山市、岡山市、岡山市、岡山市、岡山市、岡山市、岡山市、岡山市、岡山市、岡山市、岡山市、岡山市、岡山市、岡山市、岡山市、岡山市、岡山市、岡山市、岡山市、岡山市、岡山市、岡山市、岡山市、岡山市、岡山市、岡山市、岡山市、岡山市、岡山市、岡山市、岡山市、岡山市,2021/5/13,木,171
330001,岡山県,新見市、総社市、井原市、浅口市、早島町、早島町、総社市、備前市、備前市、赤磐市、玉野市、総社市、総社市、総社市、総社市、新見市、新見市、新見市、新見市、笠岡市、矢掛町、赤磐市、総社市、総社市、総社市、総社市、総社市、総社市、早島町、赤磐市、倉敷市、倉敷市、倉敷市、倉敷市、倉敷市、倉敷市、倉敷市、倉敷市、倉敷市、倉敷市、倉敷市、倉敷市、倉敷市、倉敷市、倉敷市、倉敷市、倉敷市、倉敷市、倉敷市、倉敷市、倉敷市、倉敷市、倉敷市、倉敷市、倉敷市、倉敷市、倉敷市、倉敷市、倉敷市、倉敷市、倉敷市、倉敷市、倉敷市、倉敷市、倉敷市、倉敷市、倉敷市、倉敷市、倉敷市、倉敷市、倉敷市、倉敷市、倉敷市、倉敷市、倉敷市、倉敷市、倉敷市、倉敷市、倉敷市、岡山市、岡山市、岡山市、岡山市、岡山市、岡山市、岡山市、岡山市、岡山市、岡山市、岡山市、岡山市、岡山市、岡山市、岡山市、岡山市、岡山市、岡山市、岡山市、岡山市、岡山市、岡山市、岡山市、岡山市、岡山市、岡山市、岡山市、岡山市、岡山市、岡山市、岡山市、岡山市、岡山市、岡山市、岡山市、岡山市、岡山市、岡山市、岡山市、岡山市、岡山市、岡山市、岡山市、岡山市、岡山市、岡山市、岡山市、岡山市、岡山市、岡山市、岡山市、岡山市、岡山市、岡山市、岡山市、岡山市、岡山市、岡山市、岡山市、岡山市、岡山市、岡山市、岡山市、岡山市、岡山市、岡山市、岡山市、岡山市、岡山市、岡山市、岡山市、岡山市、岡山市、岡山市、岡山市、岡山市、岡山市、岡山市、岡山市、岡山市、岡山市、岡山市、岡山市、岡山市、岡山市、岡山市、岡山市,2021/5/14,金,166
330001,岡山県,笠岡市、浅口市、井原市、津山市、早島町、新見市、備前市、瀬戸内市、瀬戸内市、高梁市、真庭市、備前市、真庭市、備前市、津山市、津山市、津山市、久米南町、真庭市、真庭市、真庭市、玉野市、総社市、総社市、総社市、新見市、総社市、津山市、瀬戸内市、瀬戸内市、瀬戸内市、新見市、新見市、新見市、新見市、倉敷市、倉敷市、倉敷市、倉敷市、倉敷市、倉敷市、倉敷市、倉敷市、倉敷市、倉敷市、倉敷市、倉敷市、倉敷市、倉敷市、倉敷市、倉敷市、倉敷市、倉敷市、倉敷市、倉敷市、倉敷市、倉敷市、倉敷市、倉敷市、倉敷市、倉敷市、倉敷市、倉敷市、倉敷市、倉敷市、倉敷市、倉敷市、倉敷市、倉敷市、倉敷市、倉敷市、倉敷市、倉敷市、倉敷市、岡山市、岡山市、岡山市、岡山市、岡山市、岡山市、岡山市、岡山市、岡山市、岡山市、岡山市、岡山市、岡山市、岡山市、岡山市、岡山市、岡山市、岡山市、岡山市、岡山市、岡山市、岡山市、岡山市、岡山市、岡山市、岡山市、岡山市、岡山市、岡山市、岡山市、岡山市、岡山市、岡山市、岡山市、岡山市、岡山市、岡山市、岡山市、岡山市、岡山市、岡山市、岡山市、岡山市、岡山市、岡山市、岡山市、岡山市、岡山市、岡山市、岡山市、岡山市、岡山市、岡山市、岡山市、岡山市、岡山市、岡山市、岡山市、岡山市、岡山市、岡山市、岡山市、岡山市、岡山市、岡山市、岡山市、岡山市、岡山市、岡山市、岡山市、岡山市、岡山市、岡山市、岡山市、岡山市、岡山市、岡山市、岡山市、岡山市、岡山市、岡山市、岡山市、岡山市、岡山市、岡山市、岡山市、岡山市、岡山市、岡山市、岡山市、岡山市、岡山市、岡山市、岡山市、岡山市、岡山市、岡山市、岡山市、岡山市、岡山市、岡山市、岡山市、岡山市、岡山市、岡山市、岡山市、岡山市、岡山市、岡山市、岡山市、岡山市,2021/5/15,土,185
330001,岡山県,"玉野市、備前市、備前市、備前市、矢掛町、新見市、総社市、備前市、瀬戸内市、瀬戸内市、津山市、瀬戸内市、津山市、総社市、総社市、総社市、総社市、総社市、総社市、総社市、総社市、総社市、総社市、総社市、総社市、総社市、総社市、総社市、総社市、総社市、総社市、総社市、真庭市、真庭市、真庭市、真庭市、真庭市、総社市、早島町、倉敷市、倉敷市、倉敷市、倉敷市、倉敷市、倉敷市、倉敷市、倉敷市、倉敷市、倉敷市、倉敷市、倉敷市、倉敷市、倉敷市、倉敷市、倉敷市、倉敷市、倉敷市、倉敷市、倉敷市、倉敷市、倉敷市、倉敷市、倉敷市、倉敷市、倉敷市、倉敷市、倉敷市、倉敷市、倉敷市、倉敷市、倉敷市、倉敷市、倉敷市、倉敷市、倉敷市、倉敷市、倉敷市、倉敷市、倉敷市、倉敷市、倉敷市、岡山市、岡山市、岡山市、岡山市、岡山市、岡山市、岡山市、岡山市、岡山市、岡山市、岡山市、岡山市、岡山市、岡山市、岡山市、岡山市、岡山市、岡山市、岡山市、岡山市、岡山市、岡山市、岡山市、岡山市、岡山市、岡山市、岡山市、岡山市、岡山市、岡山市、岡山市、岡山市、岡山市、岡山市、岡山市、岡山市、岡山市、岡山市、岡山市、岡山市、岡山市、岡山市、岡山市、岡山市、岡山市、岡山市、岡山市、岡山市、岡山市、岡山市、岡山市、岡山市、岡山市、岡山市、岡山市、岡山市、岡山市、岡山市、岡山市、岡山市、岡山市、岡山市、岡山市、岡山市、岡山市、岡山市、岡山市、岡山市、岡山市、岡山市、岡山市、岡山市、岡山市、岡山市、岡山市、岡山市、岡山市、岡山市、岡山市、岡山市、岡山市、岡山市、岡山市、岡山市、岡山市、岡山市、岡山市、岡山市、岡山市、岡山市
",2021/5/16,日,171
330001,岡山県,真庭市、津山市、真庭市、早島町、吉備中央町、総社市、玉野市、備前市、総社市、総社市、玉野市、真庭市、真庭市、真庭市、真庭市、真庭市、真庭市、総社市、総社市、総社市、総社市、総社市、総社市、玉野市、総社市、総社市、笠岡市、井原市、津山市、津山市、津山市、総社市、倉敷市、倉敷市、倉敷市、倉敷市、倉敷市、倉敷市、倉敷市、倉敷市、倉敷市、倉敷市、倉敷市、倉敷市、倉敷市、倉敷市、倉敷市、倉敷市、倉敷市、岡山市、岡山市、岡山市、岡山市、岡山市、岡山市、岡山市、岡山市、岡山市、岡山市、岡山市、岡山市、岡山市、岡山市、岡山市、岡山市、岡山市、岡山市、岡山市、岡山市、岡山市、岡山市、岡山市、岡山市、岡山市、岡山市、岡山市、岡山市、岡山市、岡山市、岡山市、岡山市、岡山市、岡山市、岡山市、岡山市、岡山市、岡山市、岡山市、岡山市、岡山市、岡山市、岡山市、岡山市、岡山市、岡山市、岡山市、岡山市、岡山市、岡山市、岡山市、岡山市、岡山市、岡山市、岡山市、岡山市、岡山市、岡山市、岡山市,2021/5/17,月,108
330001,岡山県,浅口市、勝央町、真庭市、早島町、早島町、井原市、備前市、新見市、新見市、高梁市、津山市、井原市、鏡野町、備前市、赤磐市、総社市、総社市、総社市、吉備中央町、総社市、総社市、総社市、玉野市、赤磐市、倉敷市、倉敷市、倉敷市、倉敷市、倉敷市、倉敷市、倉敷市、倉敷市、倉敷市、倉敷市、倉敷市、倉敷市、倉敷市、倉敷市、倉敷市、倉敷市、倉敷市、倉敷市、倉敷市、倉敷市、倉敷市、倉敷市、倉敷市、倉敷市、倉敷市、岡山市、岡山市、岡山市、岡山市、岡山市、岡山市、岡山市、岡山市、岡山市、岡山市、岡山市、岡山市、岡山市、岡山市、岡山市、岡山市、岡山市、岡山市、岡山市、岡山市、岡山市、岡山市、岡山市、岡山市、岡山市、岡山市、岡山市、岡山市、岡山市、岡山市、岡山市、岡山市、岡山市、岡山市、岡山市、岡山市、岡山市、岡山市、岡山市、岡山市、岡山市、岡山市、岡山市、岡山市、岡山市、岡山市、岡山市、岡山市、岡山市、岡山市、岡山市、岡山市、岡山市、岡山市、岡山市、岡山市、岡山市、岡山市、岡山市、岡山市、岡山市、岡山市、岡山市、岡山市、岡山市、岡山市、岡山市、岡山市、岡山市、岡山市、岡山市、岡山市、岡山市、岡山市、岡山市、岡山市、岡山市、岡山市、岡山市、岡山市、岡山市,2021/5/18,火,130
330001,岡山県,高梁市、笠岡市、赤磐市、総社市、津山市、玉野市、総社市、玉野市、総社市、総社市、勝央町、新見市、総社市、瀬戸内市、津山市、津山市、鏡野町、高梁市、高梁市、総社市、玉野市、真庭市、瀬戸内市、高梁市、倉敷市、倉敷市、倉敷市、倉敷市、倉敷市、倉敷市、倉敷市、倉敷市、倉敷市、倉敷市、倉敷市、倉敷市、倉敷市、倉敷市、倉敷市、倉敷市、倉敷市、倉敷市、倉敷市、倉敷市、倉敷市、倉敷市、倉敷市、倉敷市、倉敷市、倉敷市、倉敷市、倉敷市、倉敷市、倉敷市、倉敷市、倉敷市、倉敷市、倉敷市、倉敷市、倉敷市、倉敷市、岡山市、岡山市、岡山市、岡山市、岡山市、岡山市、岡山市、岡山市、岡山市、岡山市、岡山市、岡山市、岡山市、岡山市、岡山市、岡山市、岡山市、岡山市、岡山市、岡山市、岡山市、岡山市、岡山市、岡山市、岡山市、岡山市、岡山市、岡山市、岡山市、岡山市、岡山市、岡山市、岡山市、岡山市、岡山市、岡山市、岡山市、岡山市、岡山市、岡山市、岡山市、岡山市、岡山市、岡山市、岡山市、岡山市、岡山市、岡山市、岡山市、岡山市、岡山市、岡山市、岡山市、岡山市、岡山市、岡山市、岡山市、岡山市、岡山市、岡山市、岡山市、岡山市、岡山市、岡山市、岡山市、岡山市、岡山市、岡山市、岡山市、岡山市、岡山市、岡山市、県外,2021/5/19,水,134
330001,岡山県,赤磐市、赤磐市、里庄町、総社市、総社市、真庭市、高梁市、総社市、玉野市、笠岡市、赤磐市、赤磐市、矢掛町、総社市、総社市、総社市、総社市、総社市、総社市、総社市、早島町、倉敷市、倉敷市、倉敷市、倉敷市、倉敷市、倉敷市、倉敷市、倉敷市、倉敷市、倉敷市、倉敷市、倉敷市、倉敷市、倉敷市、倉敷市、倉敷市、倉敷市、倉敷市、倉敷市、倉敷市、倉敷市、倉敷市、倉敷市、倉敷市、倉敷市、倉敷市、倉敷市、倉敷市、倉敷市、倉敷市、倉敷市、倉敷市、倉敷市、倉敷市、倉敷市、岡山市、岡山市、岡山市、岡山市、岡山市、岡山市、岡山市、岡山市、岡山市、岡山市、岡山市、岡山市、岡山市、岡山市、岡山市、岡山市、岡山市、岡山市、岡山市、岡山市、岡山市、岡山市、岡山市、岡山市、岡山市、岡山市、岡山市、岡山市、岡山市、岡山市、岡山市、岡山市、岡山市、岡山市、岡山市、岡山市、岡山市、岡山市、岡山市、岡山市、岡山市、岡山市、岡山市、岡山市、岡山市、岡山市、岡山市、岡山市、岡山市、岡山市、岡山市、岡山市、岡山市、岡山市、岡山市、岡山市、岡山市、岡山市、岡山市、岡山市、岡山市、岡山市、岡山市、岡山市、岡山市、岡山市、岡山市,2021/5/20,木,123
330001,岡山県,和気町、吉備中央町、高梁市、新見市、新見市、玉野市、真庭市、玉野市、玉野市、総社市、総社市、総社市、総社市、真庭市、津山市、津山市、津山市、津山市、津山市、津山市、倉敷市、倉敷市、倉敷市、倉敷市、倉敷市、倉敷市、倉敷市、倉敷市、倉敷市、倉敷市、倉敷市、倉敷市、倉敷市、倉敷市、倉敷市、倉敷市、倉敷市、倉敷市、倉敷市、倉敷市、倉敷市、倉敷市、倉敷市、倉敷市、倉敷市、倉敷市、倉敷市、倉敷市、倉敷市、倉敷市、倉敷市、倉敷市、倉敷市、県外、岡山市、岡山市、岡山市、岡山市、岡山市、岡山市、岡山市、岡山市、岡山市、岡山市、岡山市、岡山市、岡山市、岡山市、岡山市、岡山市、岡山市、岡山市、岡山市、岡山市、岡山市、岡山市、岡山市、岡山市、岡山市、岡山市、岡山市、岡山市、岡山市、岡山市、岡山市、岡山市、岡山市、岡山市、岡山市、岡山市、岡山市、岡山市、岡山市、岡山市、岡山市、岡山市、岡山市、岡山市、岡山市、岡山市、岡山市、岡山市、岡山市、岡山市、岡山市、岡山市、岡山市、岡山市、岡山市、岡山市、岡山市,2021/5/21,金,111
330001,岡山県,井原市、備前市、総社市、総社市、津山市、赤磐市、勝央町、勝央町、玉野市、玉野市、備前市、笠岡市、総社市、総社市、赤磐市、津山市、総社市、備前市、備前市、倉敷市、倉敷市、倉敷市、倉敷市、倉敷市、倉敷市、倉敷市、倉敷市、倉敷市、倉敷市、倉敷市、倉敷市、倉敷市、倉敷市、倉敷市、倉敷市、倉敷市、倉敷市、倉敷市、倉敷市、岡山市、岡山市、岡山市、岡山市、岡山市、岡山市、岡山市、岡山市、岡山市、岡山市、岡山市、岡山市、岡山市、岡山市、岡山市、岡山市、岡山市、岡山市、岡山市、岡山市、岡山市、岡山市、岡山市、岡山市、岡山市、岡山市、岡山市、岡山市、岡山市、岡山市、岡山市、岡山市、岡山市、岡山市、岡山市、岡山市、岡山市、岡山市、岡山市、岡山市、岡山市、岡山市、岡山市、岡山市、岡山市、岡山市、岡山市、岡山市、岡山市、岡山市、岡山市、岡山市、岡山市、岡山市、岡山市、岡山市、岡山市、岡山市、岡山市、岡山市、岡山市、岡山市、岡山市、岡山市、岡山市、岡山市,2021/5/22,土,105
330001,岡山県,真庭市、備前市、高梁市、津山市、津山市、井原市、津山市、赤磐市、和気町、高梁市、高梁市、美作市、新見市、津山市、津山市、津山市、津山市、津山市、津山市、赤磐市、倉敷市、倉敷市、倉敷市、倉敷市、倉敷市、倉敷市、倉敷市、倉敷市、倉敷市、倉敷市、倉敷市、倉敷市、倉敷市、倉敷市、倉敷市、倉敷市、倉敷市、倉敷市、倉敷市、倉敷市、倉敷市、倉敷市、岡山市、岡山市、岡山市、岡山市、岡山市、岡山市、岡山市、岡山市、岡山市、岡山市、岡山市、岡山市、岡山市、岡山市、岡山市、岡山市、岡山市、岡山市、岡山市、岡山市、岡山市、岡山市、岡山市、岡山市、岡山市、岡山市、岡山市、岡山市、岡山市、岡山市、岡山市、岡山市、岡山市、岡山市、岡山市、岡山市、岡山市、岡山市、岡山市、岡山市、岡山市,2021/5/23,日,83
330001,岡山県,笠岡市、矢掛町、吉備中央町、津山市、高梁市、高梁市、津山市、真庭市、津山市、真庭市、高梁市、瀬戸内市、津山市、勝央町、玉野市、倉敷市、倉敷市、倉敷市、倉敷市、倉敷市、倉敷市、倉敷市、倉敷市、倉敷市、倉敷市、倉敷市、岡山市、岡山市、岡山市、岡山市、岡山市、岡山市、岡山市、岡山市、岡山市、岡山市、岡山市、岡山市、岡山市、岡山市、岡山市,2021/5/24,月,41
330001,岡山県,勝央町、真庭市、真庭市、早島町、津山市、津山市、玉野市、総社市、笠岡市、津山市、岡山市、岡山市、岡山市、岡山市、岡山市、岡山市、岡山市、岡山市、岡山市、岡山市、岡山市、岡山市、岡山市、岡山市、岡山市、岡山市、岡山市、岡山市、岡山市、岡山市、岡山市、岡山市、岡山市、岡山市、岡山市、岡山市、岡山市、岡山市、倉敷市、倉敷市、倉敷市、倉敷市、倉敷市、倉敷市、倉敷市、倉敷市、倉敷市、倉敷市、倉敷市、倉敷市、倉敷市、倉敷市、倉敷市、倉敷市、倉敷市、倉敷市、倉敷市、倉敷市,2021/5/25,火,58
330001,岡山県,笠岡市、浅口市、笠岡市、玉野市、総社市、瀬戸内市、津山市、浅口市、鏡野町、玉野市、玉野市、倉敷市、倉敷市、倉敷市、倉敷市、倉敷市、倉敷市、倉敷市、倉敷市、倉敷市、倉敷市、倉敷市、倉敷市、倉敷市、倉敷市、倉敷市、倉敷市、倉敷市、倉敷市、倉敷市、倉敷市、倉敷市、倉敷市、倉敷市、倉敷市、倉敷市、倉敷市、倉敷市、倉敷市、倉敷市、岡山市、岡山市、岡山市、岡山市、岡山市、岡山市、岡山市、岡山市、岡山市、岡山市、岡山市、岡山市、岡山市、岡山市、岡山市、岡山市、岡山市、岡山市、岡山市、岡山市、岡山市、岡山市、岡山市、岡山市、岡山市、岡山市、岡山市、岡山市、岡山市、岡山市、岡山市、岡山市、岡山市、岡山市、岡山市、岡山市、岡山市、岡山市、岡山市、岡山市、県内（岡山市以外）、県外,2021/5/26,水,82
330001,岡山県,津山市、井原市、玉野市、玉野市、備前市、浅口市、浅口市、津山市、広島県、勝央町、美咲町、津山市、倉敷市、倉敷市、倉敷市、倉敷市、倉敷市、倉敷市、倉敷市、倉敷市、倉敷市、倉敷市、倉敷市、倉敷市、倉敷市、倉敷市、岡山市、岡山市、岡山市、岡山市、岡山市、岡山市、岡山市、岡山市、岡山市、岡山市、岡山市、岡山市、岡山市、岡山市、岡山市、岡山市、岡山市、岡山市、岡山市、岡山市、岡山市、岡山市、岡山市、岡山市、岡山市、岡山市、岡山市、岡山市、岡山市、岡山市、岡山市、岡山市、岡山市、岡山市、岡山市、岡山市、岡山市、岡山市、岡山市、岡山市、岡山市、岡山市、岡山市、岡山市、岡山市、岡山市、岡山市、岡山市,2021/5/27,木,74
330001,岡山県,総社市、総社市、津山市、玉野市、笠岡市、浅口市、浅口市、高梁市、鏡野町、玉野市、井原市、総社市、倉敷市、倉敷市、倉敷市、倉敷市、倉敷市、倉敷市、倉敷市、倉敷市、倉敷市、倉敷市、倉敷市、倉敷市、倉敷市、倉敷市、倉敷市、倉敷市、倉敷市、岡山市、岡山市、岡山市、岡山市、岡山市、岡山市、岡山市、岡山市、岡山市、岡山市、岡山市、岡山市、岡山市、岡山市、岡山市、岡山市、岡山市、岡山市、岡山市、岡山市、岡山市、岡山市、岡山市、岡山市、岡山市、岡山市、岡山市、岡山市、岡山市、岡山市,2021/5/28,金,59
330001,岡山県,高梁市、矢掛町、高梁市、高梁市、高梁市、赤磐市、玉野市、玉野市、倉敷市、倉敷市、倉敷市、倉敷市、倉敷市、倉敷市、倉敷市、倉敷市、倉敷市、倉敷市、岡山市、岡山市、岡山市、岡山市、岡山市、岡山市、岡山市、岡山市、岡山市、岡山市、岡山市、岡山市、岡山市、岡山市、岡山市、岡山市、岡山市、岡山市、岡山市、岡山市、岡山市、岡山市、岡山市、岡山市、岡山市、岡山市、岡山市、岡山市、岡山市、岡山市,2021/5/29,土,48
330001,岡山県,真庭市、玉野市、早島町、玉野市、美作市、美作市、岡山市、岡山市、岡山市、岡山市、岡山市、岡山市、岡山市、岡山市、岡山市、岡山市、岡山市、岡山市、倉敷市、倉敷市、倉敷市、倉敷市、倉敷市、倉敷市、倉敷市、倉敷市、倉敷市,2021/5/30,日,27
330001,岡山県,玉野市、玉野市、倉敷市、倉敷市、倉敷市、倉敷市、倉敷市、倉敷市、岡山市、岡山市、岡山市、岡山市、岡山市、岡山市、岡山市、岡山市、岡山市、岡山市、岡山市、岡山市、岡山市,2021/5/31,月,21
330001,岡山県,玉野市、玉野市、玉野市、美作市、美作市、倉敷市、倉敷市、倉敷市、倉敷市、倉敷市、岡山市、岡山市、岡山市、岡山市、岡山市、岡山市、岡山市、岡山市、県外、県外,2021/6/1,火,20
330001,岡山県,倉敷市、倉敷市、倉敷市、倉敷市、倉敷市、倉敷市、倉敷市、倉敷市、倉敷市、倉敷市、倉敷市、倉敷市、倉敷市、倉敷市、倉敷市、倉敷市、倉敷市、倉敷市、倉敷市、倉敷市、倉敷市、倉敷市、倉敷市、岡山市、岡山市、岡山市、岡山市、岡山市、岡山市、岡山市、岡山市、岡山市、岡山市、岡山市、岡山市、岡山市、県外,2021/6/2,水,37
330001,岡山県,総社市、玉野市、玉野市、玉野市、浅口市、笠岡市、総社市、倉敷市、倉敷市、倉敷市、倉敷市、倉敷市、倉敷市、倉敷市、倉敷市、倉敷市、倉敷市、岡山市、岡山市、岡山市、岡山市、岡山市、岡山市、岡山市、岡山市、岡山市、岡山市、岡山市、岡山市、岡山市、岡山市,2021/6/3,木,31
330001,岡山県,里庄町、浅口市、浅口市、総社市、玉野市、赤磐市、倉敷市、倉敷市、倉敷市、岡山市、岡山市、岡山市、岡山市、岡山市、岡山市、岡山市,2021/6/4,金,16
330001,岡山県,笠岡市、倉敷市、倉敷市、倉敷市、倉敷市、倉敷市、倉敷市、倉敷市、岡山市、岡山市、岡山市、岡山市、岡山市、岡山市、岡山市、岡山市、岡山市、岡山市、岡山市、岡山市,2021/6/5,土,20
330001,岡山県,玉野市、総社市、倉敷市、倉敷市、倉敷市、倉敷市、倉敷市、倉敷市、岡山市、岡山市、岡山市、岡山市,2021/6/6,日,12
330001,岡山県,倉敷市、倉敷市、倉敷市、倉敷市、倉敷市、岡山市、岡山市、岡山市、岡山市、岡山市、岡山市、岡山市,2021/6/7,月,12
330001,岡山県,倉敷市、倉敷市、倉敷市、倉敷市、倉敷市、倉敷市、岡山市、岡山市,2021/6/8,火,8
330001,岡山県,瀬戸内市、浅口市、玉野市、倉敷市、倉敷市、倉敷市、岡山市、県内（岡山市以外）、岡山市、岡山市、岡山市、岡山市、岡山市,2021/6/9,水,13
330001,岡山県,真庭市、新見市、玉野市、浅口市、倉敷市、倉敷市、倉敷市、岡山市、岡山市、岡山市、岡山市、岡山市,2021/6/10,木,12
330001,岡山県,笠岡市、笠岡市、笠岡市、新見市、津山市、瀬戸内市、倉敷市、倉敷市、倉敷市、倉敷市、岡山市、岡山市,2021/6/11,金,12
330001,岡山県,笠岡市、瀬戸内市、瀬戸内市、瀬戸内市、瀬戸内市、瀬戸内市、倉敷市、岡山市、岡山市、岡山市、岡山市,2021/6/12,土,11
330001,岡山県,笠岡市、浅口市、瀬戸内市、瀬戸内市、倉敷市、岡山市,2021/6/13,日,6
330001,岡山県,倉敷市,2021/6/14,月,1
330001,岡山県,早島町、津山市、津山市、倉敷市、倉敷市,2021/6/15,火,5
330001,岡山県,早島町、倉敷市、倉敷市、倉敷市、倉敷市、岡山市、岡山市、県内（岡山市以外）,2021/6/16,水,8
330001,岡山県,早島町、早島町、倉敷市、倉敷市,2021/6/17,木,4
330001,岡山県,玉野市、玉野市、倉敷市,2021/6/18,金,3
330001,岡山県,玉野市、玉野市、玉野市、倉敷市、岡山市、岡山市,2021/6/19,土,6
330001,岡山県,赤磐市、岡山市,2021/6/20,日,2
330001,岡山県,赤磐市,2021/6/21,月,1
330001,岡山県,岡山市,2021/6/22,火,1
330001,岡山県,岡山市,2021/6/23,水,1
330001,岡山県,倉敷市、岡山市,2021/6/24,木,2
330001,岡山県,,2021/6/25,金,0
330001,岡山県,吉備中央町、倉敷市、岡山市,2021/6/26,土,3
330001,岡山県,倉敷市,2021/6/27,日,1
330001,岡山県,,2021/6/28,月,0
330001,岡山県,,2021/6/29,火,0
330001,岡山県,里庄町、赤磐市,2021/6/30,水,2
330001,岡山県,井原市,2021/7/1,木,1
330001,岡山県,井原市、矢掛町、岡山市、岡山市,2021/7/2,金,4
330001,岡山県,,2021/7/3,土,0
330001,岡山県,井原市,2021/7/4,日,1
330001,岡山県,,2021/7/5,月,0
330001,岡山県,浅口市、岡山市、県外,2021/7/6,火,3
330001,岡山県,勝央町、岡山市、岡山市、岡山市,2021/7/7,水,4
330001,岡山県,岡山市、岡山市,2021/7/8,木,2
330001,岡山県,倉敷市、倉敷市、岡山市、岡山市,2021/7/9,金,4
330001,岡山県,倉敷市、岡山市、岡山市、岡山市,2021/7/10,土,4
330001,岡山県,岡山市、岡山市、岡山市,2021/7/11,日,3
330001,岡山県,井原市、岡山市、岡山市、岡山市、岡山市、岡山市,2021/7/12,月,6
330001,岡山県,岡山市、岡山市、岡山市、岡山市、岡山市、岡山市,2021/7/13,火,6
330001,岡山県,玉野市、玉野市、玉野市、倉敷市、倉敷市、岡山市、岡山市、岡山市、岡山市、岡山市,2021/7/14,水,10
330001,岡山県,玉野市、笠岡市、倉敷市、倉敷市、倉敷市、倉敷市、岡山市、岡山市、岡山市、岡山市、岡山市、岡山市、岡山市、岡山市、岡山市、岡山市、岡山市、岡山市、岡山市,2021/7/15,木,19
330001,岡山県,浅口市、玉野市、笠岡市、赤磐市、岡山市、岡山市、岡山市、岡山市、岡山市、岡山市、岡山市,2021/7/16,金,11
330001,岡山県,井原市、新見市、備前市、赤磐市、倉敷市、岡山市、岡山市、岡山市、岡山市,2021/7/17,土,9
330001,岡山県,倉敷市、倉敷市、倉敷市、倉敷市、倉敷市、岡山市、岡山市、岡山市、岡山市、,2021/7/18,日,9
330001,岡山県,和気町、真庭市、浅口市、倉敷市、倉敷市、岡山市、岡山市、岡山市、岡山市、岡山市、岡山市、岡山市、岡山市、岡山市,2021/7/19,月,14
330001,岡山県,井原市、玉野市、井原市、総社市、津山市、倉敷市、倉敷市、倉敷市、岡山市、岡山市、岡山市、岡山市、岡山市、岡山市、岡山市、岡山市,2021/7/20,火,16
330001,岡山県,真庭市、総社市、井原市、総社市、赤磐市、井原市、倉敷市、倉敷市、倉敷市、倉敷市、倉敷市、倉敷市、倉敷市、倉敷市、倉敷市、倉敷市、県外、倉敷市、倉敷市、岡山市、岡山市、岡山市、岡山市、岡山市、岡山市、岡山市、岡山市、岡山市、岡山市、岡山市、岡山市、岡山市、岡山市,2021/7/21,水,33
330001,岡山県,玉野市、早島町、津山市、瀬戸内市、高梁市、高梁市、高梁市、高梁市、高梁市、高梁市、倉敷市、倉敷市、倉敷市、倉敷市、倉敷市、倉敷市、岡山市、岡山市、岡山市、岡山市、岡山市、岡山市、岡山市、岡山市、岡山市、岡山市、岡山市、岡山市、岡山市、岡山市、岡山市、岡山市、岡山市,2021/7/22,木,33
330001,岡山県,総社市、高梁市、高梁市、倉敷市、倉敷市、倉敷市、倉敷市、岡山市、岡山市、岡山市、岡山市、岡山市、岡山市、岡山市、岡山市、岡山市、岡山市、岡山市、岡山市、岡山市、岡山市、岡山市、岡山市、岡山市、岡山市、岡山市、岡山市、岡山市,2021/7/23,金,28
330001,岡山県,高梁市、高梁市、高梁市、高梁市、早島町、里庄町、高梁市、赤磐市、高梁市、津山市、奈義町、高梁市、総社市、倉敷市、倉敷市、倉敷市、岡山市、岡山市、岡山市、岡山市、岡山市、岡山市、岡山市、岡山市、岡山市、岡山市、岡山市、岡山市、岡山市、岡山市、岡山市,2021/7/24,土,31
330001,岡山県,高梁市、里庄町、高梁市、高梁市、勝央町、勝央町、勝央町、奈義町、津山市、倉敷市、倉敷市、倉敷市、倉敷市、岡山市、岡山市、岡山市、岡山市、岡山市、岡山市、岡山市、岡山市、岡山市、岡山市、岡山市、岡山市、岡山市、岡山市,2021/7/25,日,27
330001,岡山県,新見市、赤磐市、赤磐市、県内（倉敷市以外）、倉敷市、倉敷市、倉敷市、倉敷市、倉敷市、倉敷市、岡山市、岡山市、岡山市、岡山市、岡山市、県外、岡山市、岡山市、岡山市、岡山市、岡山市、岡山市、岡山市,2021/7/26,月,23
330001,岡山県,赤磐市、高梁市、赤磐市、高梁市、浅口市、高梁市、倉敷市、倉敷市、倉敷市、倉敷市、県外、岡山市、岡山市、岡山市、岡山市、岡山市、岡山市、岡山市、岡山市、岡山市、岡山市、岡山市、岡山市、岡山市、岡山市、岡山市、岡山市、岡山市、岡山市、岡山市、岡山市、岡山市、岡山市、岡山市、岡山市,2021/7/27,火,35
330001,岡山県,津山市、新見市、玉野市、美作市、総社市、総社市、美作市、勝央町、備前市、倉敷市、倉敷市、倉敷市、倉敷市、県外、倉敷市、倉敷市、倉敷市、県外、倉敷市、岡山市、岡山市、岡山市、岡山市、岡山市、岡山市、岡山市、岡山市、岡山市、岡山市、岡山市、岡山市、岡山市、岡山市、岡山市、岡山市、岡山市、岡山市、岡山市、岡山市、岡山市、岡山市、岡山市、岡山市、岡山市、岡山市、岡山市、岡山市、岡山市、岡山市、岡山市、岡山市、岡山市、岡山市、岡山市、岡山市、岡山市、岡山市、岡山市,2021/7/28,水,58
330001,岡山県,笠岡市、里庄町、浅口市、福岡県、早島町、里庄町、赤磐市、総社市、総社市、東京都、笠岡市、津山市、備前市、県外、県外、倉敷市、倉敷市、県外、倉敷市、倉敷市、倉敷市、倉敷市、倉敷市、県外、倉敷市、倉敷市、岡山市、岡山市、岡山市、岡山市、岡山市、岡山市、岡山市、岡山市、岡山市、岡山市、岡山市、岡山市、岡山市、岡山市、岡山市、岡山市、岡山市、岡山市、岡山市、岡山市、岡山市、岡山市、岡山市、県外、岡山市、岡山市、岡山市、岡山市、岡山市、岡山市、岡山市、岡山市、岡山市,2021/7/29,木,59
330001,岡山県,真庭市、真庭市、新見市、赤磐市、津山市、総社市、総社市、総社市、真庭市、井原市、赤磐市、笠岡市、赤磐市、真庭市、倉敷市、倉敷市、倉敷市、倉敷市、倉敷市、倉敷市、倉敷市、倉敷市、倉敷市、倉敷市、倉敷市、倉敷市、倉敷市、倉敷市、倉敷市、倉敷市、倉敷市、倉敷市、倉敷市、倉敷市、岡山市、岡山市、岡山市、岡山市、岡山市、岡山市、岡山市、岡山市、岡山市、岡山市、岡山市、岡山市、岡山市、岡山市、岡山市、岡山市、岡山市、岡山市、岡山市、岡山市、岡山市、岡山市、岡山市、岡山市、岡山市、岡山市、岡山市、岡山市、岡山市、岡山市、岡山市、岡山市、岡山市、岡山市、岡山市、岡山市、県外、岡山市、岡山市、岡山市、岡山市、岡山市、岡山市,2021/7/30,金,77
330001,岡山県,井原市、総社市、赤磐市、玉野市、浅口市、笠岡市、津山市、瀬戸内市、瀬戸内市、瀬戸内市、津山市、倉敷市、倉敷市、倉敷市、倉敷市、倉敷市、倉敷市、倉敷市、倉敷市、倉敷市、倉敷市、倉敷市、倉敷市、倉敷市、倉敷市、岡山市、岡山市、岡山市、岡山市、岡山市、岡山市、岡山市、岡山市、岡山市、岡山市、岡山市、岡山市、岡山市、岡山市、岡山市、岡山市、岡山市、岡山市、岡山市、岡山市、岡山市、岡山市、岡山市、岡山市、岡山市、岡山市、岡山市、岡山市、岡山市、岡山市、岡山市、岡山市、岡山市、岡山市、岡山市、岡山市、岡山市、岡山市、岡山市、岡山市,2021/7/31,土,65
330001,岡山県,津山市、赤磐市、玉野市、笠岡市、笠岡市、笠岡市、赤磐市、早島町、早島町、総社市、総社市、総社市、総社市、総社市、赤磐市、備前市、笠岡市、瀬戸内市、赤磐市、高梁市、総社市、倉敷市、倉敷市、倉敷市、倉敷市、倉敷市、倉敷市、倉敷市、倉敷市、倉敷市、倉敷市、倉敷市、倉敷市、倉敷市、倉敷市、倉敷市、倉敷市、倉敷市、倉敷市、倉敷市、倉敷市、倉敷市、倉敷市、倉敷市、倉敷市、倉敷市、倉敷市、倉敷市、倉敷市、倉敷市、倉敷市、岡山市、岡山市、岡山市、岡山市、岡山市、岡山市、岡山市、岡山市、岡山市、岡山市、岡山市、岡山市、岡山市、岡山市、岡山市、岡山市、岡山市、岡山市、岡山市、岡山市、岡山市、岡山市、岡山市、岡山市、岡山市、岡山市、岡山市、岡山市、岡山市、岡山市、岡山市、岡山市、岡山市、岡山市、岡山市、岡山市、岡山市、岡山市、岡山市、岡山市、岡山市、岡山市、岡山市,2021/8/1,日,94
330001,岡山県,瀬戸内市、瀬戸内市、瀬戸内市、瀬戸内市、瀬戸内市、矢掛町、総社市、総社市、赤磐市、赤磐市、和気町、和気町、和気町、倉敷市、倉敷市、倉敷市、倉敷市、倉敷市、倉敷市、倉敷市、倉敷市、倉敷市、倉敷市、倉敷市、岡山市、岡山市、岡山市、岡山市、岡山市、岡山市、岡山市、岡山市、岡山市、岡山市、岡山市、岡山市、岡山市、岡山市、岡山市、岡山市、岡山市、岡山市、岡山市、岡山市、岡山市、岡山市、岡山市、岡山市、岡山市、岡山市,2021/8/2,月,50
330001,岡山県,笠岡市、笠岡市、矢掛町、瀬戸内市、笠岡市、吉備中央町、総社市、総社市、総社市、赤磐市、津山市、瀬戸内市、倉敷市、倉敷市、倉敷市、倉敷市、倉敷市、倉敷市、倉敷市、倉敷市、倉敷市、倉敷市、倉敷市、岡山市、岡山市、岡山市、岡山市、岡山市、岡山市、岡山市、岡山市、岡山市、岡山市、岡山市、岡山市、岡山市、岡山市、岡山市、岡山市、岡山市、岡山市、岡山市、岡山市、岡山市、岡山市、岡山市、岡山市、岡山市、岡山市、岡山市、岡山市、岡山市、岡山市、岡山市、岡山市、岡山市、岡山市、岡山市、岡山市、岡山市、岡山市、岡山市、岡山市、岡山市、岡山市、岡山市、岡山市、岡山市、岡山市、岡山市、岡山市、岡山市、岡山市、岡山市、岡山市、岡山市、岡山市、岡山市,2021/8/3,火,78
330001,岡山県,玉野市、玉野市、玉野市、備前市、備前市、備前市、浅口市、笠岡市、笠岡市、笠岡市、浅口市、総社市、総社市、瀬戸内市、玉野市、瀬戸内市、瀬戸内市、瀬戸内市、総社市、玉野市、玉野市、赤磐市、赤磐市、広島県、矢掛町、玉野市、倉敷市、倉敷市、倉敷市、倉敷市、倉敷市、倉敷市、倉敷市、倉敷市、倉敷市、倉敷市、倉敷市、倉敷市、倉敷市、倉敷市、倉敷市、倉敷市、倉敷市、倉敷市、倉敷市、倉敷市、倉敷市、倉敷市、倉敷市、倉敷市、倉敷市、倉敷市、倉敷市、倉敷市、倉敷市、倉敷市、倉敷市、倉敷市、倉敷市、倉敷市、倉敷市、倉敷市、倉敷市、県外、岡山市、岡山市、岡山市、岡山市、岡山市、岡山市、岡山市、岡山市、岡山市、岡山市、岡山市、岡山市、岡山市、岡山市、岡山市、岡山市、岡山市、岡山市、岡山市、岡山市、岡山市、岡山市、岡山市、岡山市、岡山市、岡山市、岡山市、岡山市、岡山市、岡山市、岡山市、岡山市、岡山市、岡山市、岡山市、岡山市、岡山市、岡山市、岡山市、岡山市、岡山市、岡山市、岡山市、岡山市、岡山市、岡山市、岡山市、県外、岡山市、岡山市、岡山市、岡山市、岡山市、岡山市、岡山市、岡山市、岡山市、岡山市、岡山市、岡山市、岡山市、岡山市、岡山市、岡山市、岡山市、岡山市、岡山市,2021/8/4,水,131
330001,岡山県,瀬戸内市、浅口市、津山市、総社市、総社市、笠岡市、玉野市、高梁市、総社市、笠岡市、赤磐市、玉野市、津山市、倉敷市、倉敷市、倉敷市、倉敷市、倉敷市、倉敷市、倉敷市、倉敷市、倉敷市、倉敷市、倉敷市、倉敷市、倉敷市、倉敷市、倉敷市、倉敷市、倉敷市、倉敷市、倉敷市、岡山市、岡山市、岡山市、岡山市、岡山市、岡山市、岡山市、岡山市、岡山市、岡山市、岡山市、岡山市、岡山市、岡山市、岡山市、岡山市、岡山市、岡山市、岡山市、岡山市、岡山市、岡山市、岡山市、岡山市、岡山市、岡山市、岡山市、岡山市、岡山市、岡山市、岡山市、岡山市、岡山市、岡山市、岡山市、岡山市、岡山市、岡山市、岡山市、岡山市、岡山市、岡山市、岡山市、岡山市、岡山市、岡山市、岡山市、岡山市、県外、岡山市、岡山市、岡山市、岡山市、岡山市、県外、岡山市、岡山市,2021/8/5,木,89
330001,岡山県,赤磐市、総社市、玉野市、赤磐市、備前市、井原市、玉野市、瀬戸内市、瀬戸内市、津山市、総社市、総社市、備前市、井原市、井原市、浅口市、津山市、倉敷市、倉敷市、倉敷市、倉敷市、倉敷市、倉敷市、倉敷市、倉敷市、倉敷市、倉敷市、倉敷市、倉敷市、倉敷市、県外、倉敷市、倉敷市、倉敷市、倉敷市、倉敷市、倉敷市、倉敷市、倉敷市、倉敷市、倉敷市、倉敷市、倉敷市、倉敷市、岡山市、岡山市、岡山市、岡山市、岡山市、岡山市、岡山市、岡山市、岡山市、岡山市、岡山市、岡山市、岡山市、岡山市、岡山市、岡山市、岡山市、岡山市、岡山市、岡山市、岡山市、岡山市、岡山市、岡山市、岡山市、岡山市、岡山市、岡山市、岡山市、岡山市、岡山市、岡山市、岡山市、岡山市、岡山市、岡山市、岡山市、岡山市、岡山市、岡山市、岡山市、岡山市、岡山市、岡山市、岡山市、県外、岡山市、岡山市、岡山市、岡山市、岡山市、岡山市、岡山市、岡山市、岡山市、岡山市、岡山市,2021/8/6,金,101
330001,岡山県,浅口市、笠岡市、総社市、浅口市、浅口市、玉野市、玉野市、赤磐市、赤磐市、瀬戸内市、勝央町、瀬戸内市、瀬戸内市、玉野市、瀬戸内市、玉野市、津山市、赤磐市、津山市、倉敷市、倉敷市、倉敷市、倉敷市、倉敷市、倉敷市、倉敷市、倉敷市、倉敷市、倉敷市、倉敷市、倉敷市、倉敷市、倉敷市、倉敷市、倉敷市、倉敷市、倉敷市、倉敷市、倉敷市、倉敷市、倉敷市、倉敷市、倉敷市、倉敷市、岡山市、岡山市、岡山市、岡山市、岡山市、岡山市、岡山市、岡山市、岡山市、岡山市、岡山市、岡山市、岡山市、岡山市、岡山市、岡山市、岡山市、岡山市、岡山市、岡山市、岡山市、岡山市、岡山市、岡山市、岡山市、岡山市、岡山市、岡山市、岡山市、岡山市、岡山市、岡山市、岡山市、岡山市、岡山市、岡山市、岡山市、岡山市、岡山市、岡山市、岡山市、岡山市、岡山市、岡山市、岡山市、岡山市、岡山市、岡山市、岡山市、岡山市、岡山市、岡山市、岡山市、岡山市、岡山市、岡山市、岡山市、岡山市、岡山市、岡山市、岡山市、岡山市、岡山市、岡山市、岡山市、岡山市、岡山市、岡山市、岡山市、岡山市、岡山市、岡山市、岡山市、岡山市、岡山市、岡山市,2021/8/7,土,120
330001,岡山県,総社市、瀬戸内市、津山市、総社市、井原市、矢掛町、玉野市、瀬戸内市、総社市、早島町、玉野市、倉敷市、倉敷市、倉敷市、倉敷市、倉敷市、倉敷市、倉敷市、倉敷市、倉敷市、倉敷市、倉敷市、倉敷市、倉敷市、倉敷市、倉敷市、倉敷市、倉敷市、倉敷市、倉敷市、倉敷市、倉敷市、岡山市、岡山市、岡山市、岡山市、岡山市、岡山市、岡山市、岡山市、岡山市、岡山市、岡山市、岡山市、岡山市、岡山市、岡山市、岡山市、岡山市、岡山市、岡山市、岡山市、岡山市、岡山市、岡山市、岡山市、岡山市、岡山市、岡山市、岡山市、岡山市、岡山市、岡山市、岡山市、岡山市、岡山市、岡山市、岡山市、岡山市、岡山市、岡山市、岡山市、岡山市、岡山市、岡山市、岡山市、岡山市、岡山市、岡山市、岡山市、岡山市、岡山市、岡山市、岡山市、岡山市、岡山市、岡山市,2021/8/8,日,87
330001,岡山県,総社市、総社市、赤磐市、総社市、早島町、里庄町、高梁市、真庭市、瀬戸内市、総社市、真庭市、真庭市、真庭市、津山市、倉敷市、倉敷市、倉敷市、倉敷市、倉敷市、倉敷市、倉敷市、倉敷市、倉敷市、倉敷市、倉敷市、倉敷市、倉敷市、倉敷市、倉敷市、倉敷市、倉敷市、倉敷市、倉敷市、倉敷市、倉敷市、倉敷市、倉敷市、倉敷市、倉敷市、倉敷市、倉敷市、岡山市、岡山市、岡山市、岡山市、岡山市、岡山市、岡山市、岡山市、岡山市、岡山市、岡山市、岡山市、岡山市、岡山市、岡山市、岡山市、岡山市、岡山市、岡山市、岡山市、岡山市、岡山市、岡山市、岡山市、岡山市、岡山市、岡山市、岡山市、岡山市、岡山市、岡山市、岡山市、岡山市、岡山市、岡山市、岡山市、岡山市、岡山市、岡山市、岡山市、岡山市、岡山市、岡山市、岡山市、岡山市、岡山市,2021/8/9,月,87
330001,岡山県,真庭市、備前市、早島町、玉野市、玉野市、早島町、早島町、早島町、総社市、赤磐市、真庭市、真庭市、真庭市、倉敷市、倉敷市、倉敷市、倉敷市、倉敷市、倉敷市、倉敷市、倉敷市、倉敷市、倉敷市、倉敷市、倉敷市、県外、岡山市、県外、岡山市、岡山市、岡山市、岡山市、岡山市、岡山市、岡山市、岡山市、岡山市、岡山市、岡山市、岡山市、岡山市、岡山市、岡山市、岡山市、岡山市、岡山市、岡山市、岡山市、岡山市、岡山市、岡山市、岡山市、岡山市、岡山市、岡山市、岡山市、岡山市、岡山市、岡山市、岡山市、岡山市、岡山市、岡山市、岡山市,2021/8/10,火,64
330001,岡山県,奈義町、浅口市、井原市、井原市、赤磐市、瀬戸内市、瀬戸内市、高梁市、津山市、玉野市、玉野市、井原市、勝央町、真庭市、津山市、津山市、高梁市、倉敷市、倉敷市、倉敷市、倉敷市、倉敷市、倉敷市、倉敷市、倉敷市、倉敷市、倉敷市、倉敷市、倉敷市、倉敷市、倉敷市、倉敷市、倉敷市、倉敷市、倉敷市、倉敷市、倉敷市、倉敷市、倉敷市、倉敷市、倉敷市、倉敷市、倉敷市、倉敷市、倉敷市、倉敷市、倉敷市、倉敷市、倉敷市、倉敷市、倉敷市、倉敷市、倉敷市、倉敷市、倉敷市、倉敷市、倉敷市、倉敷市、倉敷市、岡山市、岡山市、岡山市、岡山市、岡山市、岡山市、岡山市、岡山市、岡山市、岡山市、岡山市、岡山市、岡山市、岡山市、岡山市、岡山市、岡山市、岡山市、岡山市、岡山市、岡山市、岡山市、岡山市、岡山市、岡山市、岡山市、岡山市、岡山市、岡山市、岡山市、岡山市、岡山市、岡山市、岡山市、岡山市、岡山市、岡山市、岡山市、岡山市、岡山市、岡山市、岡山市、岡山市、岡山市、岡山市、岡山市、岡山市、岡山市、岡山市、岡山市、岡山市、岡山市、県外、岡山市、岡山市、岡山市、岡山市、岡山市、岡山市、岡山市、岡山市、岡山市、岡山市、岡山市、岡山市、岡山市、岡山市、岡山市、岡山市、岡山市、岡山市、岡山市、岡山市、岡山市、岡山市、岡山市、岡山市、岡山市,2021/8/11,水,137
330001,岡山県,備前市、東京都、備前市、浅口市、赤磐市、井原市、笠岡市、総社市、浅口市、高梁市、井原市、津山市、笠岡市、総社市、総社市、総社市、赤磐市、和気町、真庭市、真庭市、真庭市、真庭市、東京都、井原市、笠岡市、笠岡市、玉野市、早島町、浅口市、総社市、玉野市、玉野市、備前市、津山市、早島町、倉敷市、倉敷市、倉敷市、倉敷市、倉敷市、倉敷市、倉敷市、倉敷市、倉敷市、倉敷市、倉敷市、県外、倉敷市、倉敷市、倉敷市、倉敷市、県外、倉敷市、倉敷市、倉敷市、倉敷市、倉敷市、倉敷市、倉敷市、倉敷市、倉敷市、倉敷市、倉敷市、倉敷市、倉敷市、倉敷市、倉敷市、倉敷市、倉敷市、倉敷市、倉敷市、倉敷市、倉敷市、倉敷市、倉敷市、倉敷市、倉敷市、倉敷市、倉敷市、倉敷市、倉敷市、倉敷市、倉敷市、倉敷市、倉敷市、倉敷市、倉敷市、倉敷市、倉敷市、倉敷市、倉敷市、倉敷市、倉敷市、倉敷市、倉敷市、倉敷市、倉敷市、倉敷市、倉敷市、倉敷市、倉敷市、倉敷市、倉敷市、倉敷市、倉敷市、倉敷市、倉敷市、倉敷市、倉敷市、倉敷市、倉敷市、倉敷市、倉敷市、倉敷市、倉敷市、県外、倉敷市、倉敷市、倉敷市、県外、岡山市、岡山市、岡山市、岡山市、岡山市、岡山市、岡山市、岡山市、岡山市、岡山市、岡山市、岡山市、岡山市、岡山市、岡山市、岡山市、岡山市、岡山市、岡山市、岡山市、岡山市、岡山市、岡山市、岡山市、岡山市、岡山市、岡山市、岡山市、岡山市、岡山市、岡山市、岡山市、岡山市、岡山市、岡山市、岡山市、岡山市、岡山市、岡山市、岡山市、岡山市、岡山市、岡山市、岡山市、岡山市、岡山市、岡山市、岡山市、岡山市、岡山市、岡山市、岡山市、岡山市、岡山市、岡山市、岡山市、岡山市、岡山市、岡山市、岡山市、岡山市、岡山市、岡山市、岡山市、岡山市、岡山市、岡山市、岡山市、岡山市、岡山市、岡山市、岡山市、岡山市、岡山市、岡山市、岡山市、岡山市、岡山市、岡山市、岡山市、岡山市、岡山市、岡山市、岡山市、岡山市、岡山市、岡山市、岡山市、岡山市、岡山市、岡山市、岡山市、岡山市、岡山市、岡山市、岡山市、岡山市,2021/8/12,木,217
330001,岡山県,備前市、美作市、勝央町、井原市、新見市、津山市、総社市、総社市、玉野市、総社市、玉野市、赤磐市、総社市、早島町、井原市、津山市、瀬戸内市、井原市、笠岡市、瀬戸内市、総社市、大阪府、笠岡市、津山市、赤磐市、真庭市、真庭市、備前市、総社市、浅口市、美咲町、玉野市、大阪府、県外、倉敷市、倉敷市、倉敷市、倉敷市、倉敷市、倉敷市、倉敷市、倉敷市、倉敷市、倉敷市、倉敷市、倉敷市、倉敷市、倉敷市、倉敷市、倉敷市、倉敷市、倉敷市、倉敷市、倉敷市、倉敷市、倉敷市、倉敷市、倉敷市、倉敷市、倉敷市、倉敷市、倉敷市、倉敷市、倉敷市、倉敷市、倉敷市、倉敷市、倉敷市、倉敷市、倉敷市、倉敷市、倉敷市、倉敷市、倉敷市、倉敷市、倉敷市、倉敷市、倉敷市、倉敷市、倉敷市、倉敷市、倉敷市、岡山市、岡山市、岡山市、岡山市、岡山市、岡山市、県外、岡山市、岡山市、岡山市、岡山市、岡山市、岡山市、岡山市、岡山市、岡山市、岡山市、岡山市、岡山市、岡山市、岡山市、岡山市、岡山市、岡山市、岡山市、岡山市、岡山市、岡山市、岡山市、岡山市、岡山市、岡山市、岡山市、岡山市、岡山市、岡山市、岡山市、岡山市、岡山市、岡山市、岡山市、岡山市、岡山市、岡山市、岡山市、岡山市、岡山市、岡山市、岡山市、岡山市、岡山市、岡山市、岡山市、岡山市、岡山市、岡山市、岡山市、岡山市、岡山市、岡山市、岡山市、岡山市、岡山市、岡山市、岡山市、岡山市、岡山市、岡山市、岡山市、岡山市、岡山市、岡山市、岡山市、岡山市、岡山市、岡山市、岡山市、岡山市、岡山市、岡山市、岡山市、岡山市、岡山市、県外、岡山市,2021/8/13,金,167
330001,岡山県,瀬戸内市、津山市、津山市、瀬戸内市、瀬戸内市、大阪府、備前市、高梁市、備前市、井原市、玉野市、玉野市、玉野市、玉野市、赤磐市、美作市、津山市、津山市、瀬戸内市、鏡野町、大阪府、笠岡市、笠岡市、総社市、総社市、早島町、早島町、浅口市、浅口市、高梁市、高梁市、井原市、笠岡市、井原市、井原市、浅口市、笠岡市、倉敷市、倉敷市、倉敷市、倉敷市、倉敷市、倉敷市、倉敷市、倉敷市、倉敷市、倉敷市、倉敷市、倉敷市、倉敷市、倉敷市、倉敷市、倉敷市、倉敷市、倉敷市、倉敷市、倉敷市、倉敷市、倉敷市、倉敷市、倉敷市、倉敷市、倉敷市、倉敷市、倉敷市、倉敷市、倉敷市、倉敷市、倉敷市、倉敷市、倉敷市、倉敷市、倉敷市、倉敷市、倉敷市、倉敷市、倉敷市、倉敷市、倉敷市、倉敷市、倉敷市、倉敷市、倉敷市、倉敷市、倉敷市、倉敷市、倉敷市、倉敷市、倉敷市、倉敷市、倉敷市、倉敷市、倉敷市、倉敷市、倉敷市、倉敷市、倉敷市、倉敷市、倉敷市、倉敷市、倉敷市、倉敷市、倉敷市、倉敷市、倉敷市、倉敷市、倉敷市、倉敷市、倉敷市、倉敷市、倉敷市、倉敷市、倉敷市、倉敷市、倉敷市、岡山市、岡山市、岡山市、岡山市、岡山市、岡山市、岡山市、岡山市、岡山市、岡山市、岡山市、岡山市、岡山市、岡山市、岡山市、岡山市、岡山市、岡山市、岡山市、岡山市、岡山市、岡山市、岡山市、岡山市、岡山市、岡山市、岡山市、岡山市、岡山市、岡山市、岡山市、岡山市、岡山市、岡山市、岡山市、岡山市、岡山市、岡山市、岡山市、岡山市、岡山市、岡山市、岡山市、岡山市、岡山市、岡山市、岡山市、岡山市、岡山市、岡山市、岡山市、岡山市、岡山市、岡山市、岡山市、岡山市、岡山市、岡山市、岡山市、岡山市、岡山市、岡山市、岡山市、岡山市、岡山市、岡山市、岡山市、岡山市、岡山市、岡山市、岡山市、岡山市、岡山市、岡山市、岡山市、岡山市、岡山市、岡山市、岡山市、岡山市、岡山市、岡山市、岡山市、岡山市,2021/8/14,土,199
330001,岡山県,総社市、笠岡市、浅口市、矢掛町、瀬戸内市、瀬戸内市、津山市、津山市、津山市、津山市、笠岡市、笠岡市、井原市、玉野市、浅口市、笠岡市、総社市、玉野市、笠岡市、井原市、浅口市、笠岡市、浅口市、笠岡市、里庄町、新見市、新見市、新見市、新見市、新見市、高梁市、瀬戸内市、瀬戸内市、瀬戸内市、玉野市、津山市、倉敷市、倉敷市、倉敷市、倉敷市、倉敷市、倉敷市、倉敷市、倉敷市、倉敷市、倉敷市、倉敷市、倉敷市、倉敷市、倉敷市、倉敷市、倉敷市、倉敷市、倉敷市、倉敷市、倉敷市、倉敷市、倉敷市、倉敷市、倉敷市、倉敷市、倉敷市、倉敷市、倉敷市、倉敷市、県外、倉敷市、倉敷市、倉敷市、倉敷市、倉敷市、倉敷市、倉敷市、倉敷市、倉敷市、倉敷市、倉敷市、倉敷市、倉敷市、倉敷市、倉敷市、倉敷市、倉敷市、倉敷市、倉敷市、倉敷市、倉敷市、倉敷市、倉敷市、倉敷市、倉敷市、倉敷市、倉敷市、倉敷市、倉敷市、倉敷市、倉敷市、倉敷市、県外、岡山市、岡山市、岡山市、岡山市、岡山市、岡山市、岡山市、岡山市、岡山市、岡山市、県外、岡山市、岡山市、岡山市、岡山市、岡山市、岡山市、岡山市、岡山市、岡山市、岡山市、岡山市、岡山市、岡山市、岡山市、岡山市、岡山市、岡山市、岡山市、県外、県外、岡山市、岡山市、岡山市、岡山市、岡山市、県外、岡山市、岡山市、岡山市、岡山市、岡山市、岡山市、岡山市、岡山市、岡山市、岡山市、岡山市、岡山市、岡山市、岡山市、岡山市、岡山市、岡山市、岡山市、岡山市、岡山市、岡山市、岡山市、岡山市、岡山市、岡山市、岡山市、岡山市、岡山市、岡山市、岡山市、岡山市、岡山市、岡山市,2021/8/15,日,169
330001,岡山県,笠岡市、笠岡市、浅口市、井原市、井原市、井原市、津山市、神奈川県、井原市、瀬戸内市、瀬戸内市、津山市、津山市、瀬戸内市、東京都、新見市、笠岡市、備前市、真庭市、井原市、井原市、兵庫県、瀬戸内市、井原市、埼玉県、津山市、鏡野町、真庭市、瀬戸内市、瀬戸内市、瀬戸内市、倉敷市、倉敷市、倉敷市、倉敷市、倉敷市、県外、倉敷市、倉敷市、倉敷市、倉敷市、倉敷市、倉敷市、倉敷市、倉敷市、倉敷市、倉敷市、倉敷市、倉敷市、倉敷市、倉敷市、倉敷市、倉敷市、倉敷市、倉敷市、倉敷市、倉敷市、倉敷市、倉敷市、倉敷市、倉敷市、倉敷市、倉敷市、倉敷市、倉敷市、倉敷市、倉敷市、倉敷市、倉敷市、倉敷市、倉敷市、倉敷市、倉敷市、倉敷市、倉敷市、倉敷市、倉敷市、倉敷市、倉敷市、倉敷市、倉敷市、倉敷市、倉敷市、倉敷市、倉敷市、倉敷市、倉敷市、倉敷市、岡山市、岡山市、岡山市、岡山市、岡山市、岡山市、岡山市、岡山市、岡山市、岡山市、岡山市、岡山市、岡山市、岡山市、岡山市、岡山市、岡山市、岡山市、岡山市、岡山市、岡山市、岡山市、岡山市、岡山市、岡山市、岡山市、岡山市、県外、岡山市、岡山市、岡山市、岡山市、岡山市、岡山市、岡山市、岡山市、岡山市、岡山市、岡山市、岡山市、岡山市、岡山市、岡山市、岡山市、岡山市、岡山市、岡山市、岡山市、岡山市、岡山市、岡山市、岡山市、岡山市、岡山市,2021/8/16,月,142
330001,岡山県,津山市、井原市、総社市、津山市、総社市、早島町、鏡野町、備前市、玉野市、新見市、新見市、大阪府、津山市、津山市、新見市、井原市、井原市、高梁市、美作市、真庭市、鏡野町、井原市、井原市、和気町、美作市、井原市、浅口市、瀬戸内市、井原市、県外、倉敷市、倉敷市、倉敷市、倉敷市、倉敷市、県外、倉敷市、倉敷市、倉敷市、倉敷市、倉敷市、倉敷市、倉敷市、倉敷市、倉敷市、倉敷市、倉敷市、倉敷市、倉敷市、倉敷市、倉敷市、倉敷市、倉敷市、倉敷市、倉敷市、倉敷市、倉敷市、倉敷市、倉敷市、倉敷市、倉敷市、倉敷市、倉敷市、倉敷市、倉敷市、倉敷市、倉敷市、倉敷市、倉敷市、倉敷市、倉敷市、倉敷市、岡山市、岡山市、岡山市、岡山市、岡山市、岡山市、岡山市、岡山市、岡山市、岡山市、岡山市、岡山市、岡山市、岡山市、岡山市、岡山市、岡山市、岡山市、岡山市、岡山市、岡山市、岡山市、岡山市、岡山市、岡山市、岡山市、岡山市、岡山市、岡山市、岡山市、岡山市、岡山市、岡山市、岡山市、岡山市、岡山市、岡山市、県外、岡山市、岡山市、岡山市、岡山市、岡山市、岡山市、岡山市、岡山市、岡山市、岡山市、岡山市、岡山市、岡山市、岡山市、岡山市、岡山市、岡山市、岡山市、岡山市、岡山市、岡山市、岡山市、岡山市、岡山市、岡山市、岡山市、岡山市、岡山市、岡山市、岡山市、岡山市、岡山市、岡山市、岡山市、岡山市、岡山市、岡山市、岡山市、岡山市、岡山市、岡山市、岡山市、岡山市、岡山市、岡山市、岡山市、岡山市、岡山市、岡山市、岡山市、県外、岡山市、岡山市,2021/8/17,火,163
330001,岡山県,早島町、瀬戸内市、玉野市、赤磐市、玉野市、総社市、瀬戸内市、玉野市、高梁市、新見市、高梁市、笠岡市、津山市、福島県、津山市、早島町、吉備中央町、浅口市、井原市、総社市、総社市、高梁市、瀬戸内市、瀬戸内市、玉野市、大阪府、津山市、和気町、玉野市、玉野市、津山市、里庄町、井原市、笠岡市、津山市、鳥取県、鏡野町、総社市、高梁市、笠岡市、赤磐市、備前市、総社市、笠岡市、津山市、津山市、津山市、笠岡市、井原市、井原市、倉敷市、倉敷市、倉敷市、倉敷市、倉敷市、倉敷市、倉敷市、倉敷市、倉敷市、倉敷市、倉敷市、倉敷市、倉敷市、倉敷市、倉敷市、倉敷市、倉敷市、倉敷市、倉敷市、倉敷市、倉敷市、倉敷市、倉敷市、倉敷市、倉敷市、倉敷市、倉敷市、倉敷市、倉敷市、倉敷市、倉敷市、倉敷市、倉敷市、倉敷市、倉敷市、倉敷市、倉敷市、県内（倉敷市以外）、倉敷市、倉敷市、倉敷市、倉敷市、倉敷市、倉敷市、倉敷市、倉敷市、倉敷市、倉敷市、倉敷市、倉敷市、県外、倉敷市、県外、県内（倉敷市以外）、倉敷市、倉敷市、倉敷市、倉敷市、倉敷市、倉敷市、倉敷市、倉敷市、倉敷市、倉敷市、倉敷市、倉敷市、倉敷市、倉敷市、倉敷市、倉敷市、倉敷市、倉敷市、倉敷市、倉敷市、倉敷市、倉敷市、倉敷市、倉敷市、倉敷市、倉敷市、倉敷市、倉敷市、倉敷市、倉敷市、県外、倉敷市、倉敷市、倉敷市、倉敷市、倉敷市、倉敷市、倉敷市、倉敷市、倉敷市、倉敷市、倉敷市、倉敷市、倉敷市、倉敷市、倉敷市、倉敷市、倉敷市、倉敷市、倉敷市、倉敷市、倉敷市、倉敷市、倉敷市、倉敷市、倉敷市、倉敷市、県外、倉敷市、倉敷市、倉敷市、倉敷市、倉敷市、岡山市、岡山市、岡山市、岡山市、岡山市、岡山市、岡山市、岡山市、岡山市、岡山市、岡山市、岡山市、岡山市、岡山市、岡山市、岡山市、岡山市、岡山市、岡山市、岡山市、岡山市、岡山市、岡山市、岡山市、岡山市、岡山市、岡山市、岡山市、岡山市、岡山市、岡山市、岡山市、岡山市、岡山市、岡山市、岡山市、岡山市、岡山市、岡山市、岡山市、岡山市、岡山市、岡山市、岡山市、岡山市、岡山市、岡山市、岡山市、岡山市、岡山市、岡山市、岡山市、岡山市、岡山市、岡山市、岡山市、岡山市、岡山市、岡山市、岡山市、岡山市、岡山市、岡山市、岡山市、岡山市、岡山市、岡山市、岡山市、岡山市、岡山市、岡山市、岡山市、岡山市、岡山市、岡山市、岡山市、岡山市、岡山市、岡山市、岡山市、岡山市、岡山市、岡山市、岡山市、岡山市、岡山市、岡山市、岡山市、岡山市、岡山市、岡山市、岡山市、岡山市、岡山市、岡山市、岡山市、岡山市、岡山市、岡山市、岡山市、岡山市、岡山市、県外、岡山市、岡山市、岡山市、岡山市、岡山市、岡山市、岡山市、岡山市、岡山市、岡山市、岡山市、岡山市、岡山市、岡山市、岡山市、岡山市、岡山市、岡山市、岡山市、岡山市、岡山市、岡山市、岡山市、岡山市、岡山市、岡山市、岡山市、岡山市、岡山市、岡山市、岡山市、岡山市、岡山市、岡山市、岡山市、岡山市、岡山市,2021/8/18,水,307
330001,岡山県,美作市、真庭市、真庭市、真庭市、津山市、津山市、高梁市、高梁市、備前市、玉野市、総社市、和気町、瀬戸内市、美作市、総社市、高梁市、総社市、津山市、赤磐市、赤磐市、瀬戸内市、玉野市、京都府、兵庫県、高梁市、赤磐市、勝央町、玉野市、津山市、井原市、兵庫県、高梁市、玉野市、早島町、美作市、井原市、和気町、備前市、赤磐市、総社市、総社市、笠岡市、真庭市、津山市、浅口市、瀬戸内市、瀬戸内市、津山市、笠岡市、井原市、倉敷市、倉敷市、倉敷市、倉敷市、倉敷市、倉敷市、倉敷市、倉敷市、倉敷市、倉敷市、倉敷市、倉敷市、倉敷市、倉敷市、倉敷市、倉敷市、倉敷市、倉敷市、倉敷市、倉敷市、倉敷市、倉敷市、倉敷市、倉敷市、倉敷市、倉敷市、倉敷市、倉敷市、倉敷市、倉敷市、倉敷市、倉敷市、倉敷市、倉敷市、倉敷市、倉敷市、倉敷市、倉敷市、倉敷市、倉敷市、倉敷市、倉敷市、倉敷市、倉敷市、倉敷市、倉敷市、倉敷市、倉敷市、倉敷市、倉敷市、倉敷市、倉敷市、倉敷市、倉敷市、倉敷市、倉敷市、倉敷市、倉敷市、倉敷市、倉敷市、倉敷市、倉敷市、倉敷市、倉敷市、倉敷市、倉敷市、倉敷市、倉敷市、倉敷市、倉敷市、倉敷市、倉敷市、倉敷市、倉敷市、倉敷市、倉敷市、倉敷市、倉敷市、倉敷市、倉敷市、倉敷市、倉敷市、倉敷市、倉敷市、倉敷市、倉敷市、倉敷市、倉敷市、倉敷市、倉敷市、倉敷市、倉敷市、倉敷市、倉敷市、岡山市、岡山市、岡山市、岡山市、岡山市、岡山市、岡山市、岡山市、岡山市、岡山市、岡山市、岡山市、岡山市、岡山市、岡山市、岡山市、岡山市、岡山市、岡山市、岡山市、岡山市、岡山市、岡山市、岡山市、岡山市、岡山市、岡山市、岡山市、岡山市、岡山市、岡山市、岡山市、岡山市、県内（岡山市以外）、岡山市、岡山市、岡山市、岡山市、岡山市、岡山市、岡山市、岡山市、岡山市、岡山市、岡山市、岡山市、岡山市、岡山市、岡山市、岡山市、岡山市、岡山市、岡山市、岡山市、岡山市、岡山市、岡山市、岡山市、岡山市、岡山市、岡山市、岡山市、岡山市、岡山市、岡山市、岡山市、岡山市、岡山市、岡山市、岡山市、岡山市、岡山市、岡山市、岡山市、岡山市、岡山市、岡山市、岡山市、岡山市、岡山市、岡山市、岡山市、岡山市、岡山市、岡山市、岡山市、岡山市、岡山市、岡山市、岡山市、岡山市、岡山市、岡山市、岡山市、岡山市、岡山市、岡山市、岡山市、岡山市、岡山市、岡山市、岡山市、岡山市、岡山市、岡山市、岡山市、岡山市、岡山市、県内（岡山市以外）、県内（岡山市以外）,2021/8/19,木,254
330001,岡山県,井原市、埼玉県、埼玉県、埼玉県、早島町、早島町、早島町、総社市、笠岡市、高梁市、浅口市、玉野市、総社市、浅口市、真庭市、真庭市、瀬戸内市、瀬戸内市、高梁市、井原市、瀬戸内市、吉備中央町、井原市、総社市、新見市、真庭市、美作市、福岡県、瀬戸内市、玉野市、赤磐市、備前市、津山市、津山市、総社市、新見市、新見市、井原市、浅口市、玉野市、勝央町、玉野市、赤磐市、井原市、津山市、吉備中央町、瀬戸内市、総社市、玉野市、倉敷市、倉敷市、倉敷市、倉敷市、倉敷市、倉敷市、倉敷市、倉敷市、倉敷市、倉敷市、倉敷市、倉敷市、倉敷市、倉敷市、倉敷市、倉敷市、倉敷市、倉敷市、倉敷市、倉敷市、倉敷市、倉敷市、倉敷市、倉敷市、倉敷市、倉敷市、倉敷市、倉敷市、倉敷市、倉敷市、倉敷市、倉敷市、倉敷市、倉敷市、倉敷市、倉敷市、倉敷市、倉敷市、倉敷市、倉敷市、倉敷市、倉敷市、倉敷市、倉敷市、倉敷市、倉敷市、倉敷市、倉敷市、倉敷市、倉敷市、倉敷市、倉敷市、倉敷市、倉敷市、県外、倉敷市、倉敷市、倉敷市、倉敷市、倉敷市、倉敷市、倉敷市、倉敷市、倉敷市、倉敷市、倉敷市、倉敷市、倉敷市、倉敷市、倉敷市、倉敷市、倉敷市、倉敷市、倉敷市、倉敷市、倉敷市、倉敷市、倉敷市、倉敷市、倉敷市、倉敷市、倉敷市、倉敷市、倉敷市、倉敷市、倉敷市、倉敷市、倉敷市、倉敷市、倉敷市、倉敷市、倉敷市、倉敷市、倉敷市、倉敷市、倉敷市、倉敷市、倉敷市、倉敷市、岡山市、岡山市、岡山市、県外、岡山市、岡山市、岡山市、岡山市、岡山市、岡山市、岡山市、岡山市、岡山市、岡山市、岡山市、岡山市、岡山市、岡山市、岡山市、岡山市、岡山市、岡山市、岡山市、岡山市、岡山市、岡山市、岡山市、岡山市、岡山市、岡山市、岡山市、岡山市、岡山市、岡山市、岡山市、岡山市、岡山市、岡山市、岡山市、岡山市、岡山市、岡山市、岡山市、岡山市、岡山市、岡山市、岡山市、岡山市、岡山市、岡山市、岡山市、岡山市、岡山市、岡山市、岡山市、岡山市、岡山市、岡山市、岡山市、岡山市、岡山市、岡山市、岡山市、岡山市、岡山市、岡山市、岡山市、岡山市、岡山市、岡山市、岡山市、岡山市、岡山市、岡山市、岡山市、岡山市、岡山市、岡山市、岡山市、岡山市、岡山市、岡山市、岡山市、岡山市、岡山市、岡山市、岡山市、岡山市、県外、岡山市、岡山市、岡山市、岡山市、岡山市、岡山市、岡山市、岡山市、岡山市、岡山市、岡山市、岡山市、岡山市、岡山市、岡山市、岡山市、岡山市、岡山市、岡山市、岡山市、岡山市、岡山市、岡山市、岡山市、岡山市、岡山市、岡山市、岡山市、岡山市、岡山市、岡山市、岡山市、岡山市、岡山市、岡山市、岡山市、県外,2021/8/20,金,274
330001,岡山県,浅口市、赤磐市、高梁市、美作市、笠岡市、井原市、和気町、赤磐市、玉野市、玉野市、総社市、総社市、久米南町、矢掛町、総社市、総社市、真庭市、玉野市、赤磐市、浅口市、浅口市、井原市、里庄町、津山市、津山市、高梁市、津山市、早島町、早島町、勝央町、津山市、高梁市、高梁市、真庭市、和気町、勝央町、勝央町、美作市、津山市、津山市、津山市、井原市、井原市、笠岡市、井原市、倉敷市、倉敷市、倉敷市、倉敷市、倉敷市、倉敷市、倉敷市、倉敷市、倉敷市、倉敷市、倉敷市、倉敷市、倉敷市、倉敷市、倉敷市、倉敷市、倉敷市、倉敷市、倉敷市、倉敷市、倉敷市、倉敷市、倉敷市、倉敷市、倉敷市、倉敷市、倉敷市、倉敷市、県外、県外、倉敷市、倉敷市、倉敷市、倉敷市、倉敷市、倉敷市、倉敷市、倉敷市、倉敷市、倉敷市、倉敷市、倉敷市、倉敷市、倉敷市、倉敷市、倉敷市、倉敷市、倉敷市、倉敷市、倉敷市、倉敷市、倉敷市、倉敷市、倉敷市、倉敷市、倉敷市、県外、倉敷市、倉敷市、倉敷市、倉敷市、倉敷市、倉敷市、倉敷市、倉敷市、倉敷市、倉敷市、倉敷市、倉敷市、倉敷市、倉敷市、倉敷市、倉敷市、倉敷市、倉敷市、倉敷市、倉敷市、倉敷市、倉敷市、倉敷市、倉敷市、倉敷市、岡山市、岡山市、岡山市、岡山市、岡山市、岡山市、岡山市、岡山市、岡山市、岡山市、岡山市、岡山市、岡山市、岡山市、岡山市、岡山市、岡山市、岡山市、岡山市、岡山市、岡山市、岡山市、岡山市、岡山市、岡山市、岡山市、岡山市、岡山市、岡山市、岡山市、岡山市、岡山市、岡山市、岡山市、岡山市、岡山市、岡山市、岡山市、県外、岡山市、岡山市、岡山市、岡山市、岡山市、岡山市、岡山市、岡山市、岡山市、岡山市、岡山市、岡山市、岡山市、岡山市、岡山市、岡山市、岡山市、岡山市、岡山市、岡山市、県外、岡山市、岡山市、岡山市、岡山市、岡山市、岡山市、岡山市、岡山市、岡山市、岡山市、岡山市、岡山市、岡山市、岡山市、岡山市、岡山市、岡山市、岡山市、岡山市、岡山市、岡山市、岡山市、岡山市、岡山市、岡山市、岡山市、岡山市、岡山市、岡山市、岡山市、岡山市、岡山市、岡山市、岡山市、岡山市、岡山市、岡山市、岡山市、岡山市、岡山市、岡山市、岡山市、岡山市、岡山市、岡山市、岡山市、岡山市、岡山市、岡山市、岡山市、岡山市、岡山市、岡山市、岡山市、岡山市、岡山市、岡山市、岡山市、岡山市、岡山市、岡山市、岡山市、岡山市、岡山市,2021/8/21,土,251
330001,岡山県,瀬戸内市、赤磐市、総社市、総社市、井原市、井原市、井原市、井原市、津山市、矢掛町、津山市、赤磐市、赤磐市、笠岡市、矢掛町、矢掛町、玉野市、総社市、総社市、新見市、浅口市、笠岡市、総社市、新見市、美作市、真庭市、瀬戸内市、瀬戸内市、新見市、美咲町、玉野市、美作市、玉野市、赤磐市、総社市、玉野市、津山市、津山市、早島町、総社市、早島町、早島町、早島町、玉野市、新見市、井原市、井原市、井原市、井原市、倉敷市、倉敷市、倉敷市、倉敷市、倉敷市、倉敷市、倉敷市、倉敷市、倉敷市、倉敷市、倉敷市、倉敷市、倉敷市、県外、倉敷市、倉敷市、倉敷市、倉敷市、倉敷市、倉敷市、倉敷市、倉敷市、倉敷市、倉敷市、倉敷市、倉敷市、倉敷市、倉敷市、倉敷市、倉敷市、倉敷市、倉敷市、倉敷市、倉敷市、倉敷市、倉敷市、倉敷市、倉敷市、倉敷市、倉敷市、倉敷市、倉敷市、倉敷市、倉敷市、倉敷市、倉敷市、倉敷市、倉敷市、倉敷市、倉敷市、倉敷市、倉敷市、倉敷市、倉敷市、倉敷市、倉敷市、倉敷市、倉敷市、倉敷市、倉敷市、倉敷市、倉敷市、倉敷市、倉敷市、倉敷市、倉敷市、倉敷市、倉敷市、倉敷市、倉敷市、岡山市、岡山市、岡山市、岡山市、岡山市、岡山市、岡山市、岡山市、岡山市、岡山市、岡山市、岡山市、岡山市、岡山市、岡山市、岡山市、岡山市、岡山市、岡山市、岡山市、岡山市、岡山市、岡山市、岡山市、岡山市、岡山市、岡山市、岡山市、岡山市、岡山市、岡山市、岡山市、岡山市、岡山市、岡山市、岡山市、岡山市、岡山市、岡山市、岡山市、岡山市、岡山市、岡山市、岡山市、岡山市、岡山市、岡山市、岡山市、岡山市、岡山市、岡山市、岡山市、岡山市、岡山市、岡山市、岡山市、岡山市、岡山市、岡山市、岡山市、岡山市、岡山市、岡山市、岡山市、岡山市、岡山市、岡山市、岡山市、岡山市、岡山市、岡山市、岡山市、岡山市、岡山市、岡山市、岡山市、岡山市、岡山市、岡山市、岡山市、岡山市、岡山市、岡山市、岡山市、岡山市、岡山市、岡山市、岡山市、岡山市、岡山市、岡山市、岡山市、岡山市、岡山市、岡山市、岡山市、岡山市、岡山市、岡山市、岡山市、岡山市、岡山市、岡山市、岡山市、岡山市、岡山市、岡山市、岡山市、岡山市、岡山市、岡山市、岡山市、岡山市、岡山市、岡山市、岡山市、岡山市、岡山市、岡山市、岡山市、岡山市、岡山市、岡山市、岡山市、岡山市、岡山市、岡山市,2021/8/22,日,246
330001,岡山県,玉野市、矢掛町、津山市、玉野市、赤磐市、井原市、井原市、瀬戸内市、瀬戸内市、瀬戸内市、津山市、総社市、総社市、赤磐市、備前市、津山市、津山市、浅口市、美作市、美作市、玉野市、津山市、津山市、津山市、玉野市、玉野市、真庭市、真庭市、矢掛町、真庭市、真庭市、備前市、赤磐市、倉敷市、倉敷市、倉敷市、倉敷市、倉敷市、倉敷市、倉敷市、倉敷市、倉敷市、倉敷市、倉敷市、倉敷市、倉敷市、倉敷市、倉敷市、倉敷市、倉敷市、倉敷市、倉敷市、倉敷市、倉敷市、倉敷市、倉敷市、倉敷市、倉敷市、倉敷市、倉敷市、倉敷市、倉敷市、倉敷市、倉敷市、倉敷市、倉敷市、倉敷市、倉敷市、倉敷市、倉敷市、倉敷市、倉敷市、倉敷市、倉敷市、倉敷市、倉敷市、倉敷市、倉敷市、倉敷市、倉敷市、倉敷市、倉敷市、倉敷市、倉敷市、倉敷市、倉敷市、岡山市、岡山市、岡山市、岡山市、岡山市、岡山市、岡山市、岡山市、岡山市、岡山市、岡山市、岡山市、岡山市、岡山市、岡山市、岡山市、岡山市、岡山市、岡山市、岡山市、岡山市、岡山市、岡山市、岡山市、岡山市、岡山市、岡山市、岡山市、岡山市、岡山市、岡山市、岡山市、岡山市、岡山市、岡山市、岡山市、岡山市、岡山市、岡山市、岡山市、岡山市、岡山市、岡山市、岡山市、岡山市、岡山市、岡山市、岡山市、岡山市、岡山市、県内（岡山市以外）、岡山市、岡山市、岡山市、岡山市、岡山市、岡山市、岡山市、岡山市、岡山市、岡山市、岡山市、岡山市、岡山市、岡山市、岡山市、岡山市、岡山市、岡山市、岡山市、岡山市、岡山市、岡山市、岡山市、岡山市、岡山市、岡山市、岡山市、岡山市、岡山市、岡山市,2021/8/23,月,167
330001,岡山県,備前市、津山市、津山市、津山市、勝央町、井原市、美作市、美咲町、美咲町、玉野市、瀬戸内市、瀬戸内市、瀬戸内市、備前市、真庭市、玉野市、総社市、津山市、瀬戸内市、井原市、総社市、久米南町、笠岡市、笠岡市、玉野市、玉野市、高梁市、笠岡市、津山市、津山市、勝央町、津山市、早島町、赤磐市、津山市、津山市、美作市、井原市、笠岡市、津山市、倉敷市、倉敷市、倉敷市、倉敷市、倉敷市、倉敷市、倉敷市、倉敷市、倉敷市、倉敷市、倉敷市、倉敷市、倉敷市、倉敷市、倉敷市、倉敷市、倉敷市、倉敷市、倉敷市、倉敷市、倉敷市、倉敷市、倉敷市、倉敷市、倉敷市、倉敷市、岡山市、岡山市、岡山市、岡山市、岡山市、岡山市、岡山市、岡山市、岡山市、岡山市、岡山市、岡山市、岡山市、岡山市、岡山市、岡山市、岡山市、岡山市、岡山市、岡山市、岡山市、岡山市、岡山市、岡山市、岡山市、岡山市、岡山市、岡山市、岡山市、岡山市、岡山市、岡山市、岡山市、岡山市、岡山市、岡山市、岡山市、岡山市、岡山市、岡山市、岡山市、岡山市、岡山市、岡山市、岡山市、岡山市、岡山市、岡山市、岡山市、岡山市、岡山市、岡山市、岡山市、岡山市、岡山市、岡山市、岡山市、岡山市、岡山市、岡山市、岡山市、岡山市、岡山市、岡山市、岡山市、岡山市、岡山市、岡山市、岡山市、岡山市、岡山市、岡山市、岡山市、岡山市、岡山市、岡山市、岡山市、岡山市、岡山市、岡山市、岡山市、岡山市、岡山市、岡山市、岡山市、岡山市、岡山市、岡山市、岡山市、岡山市、岡山市、岡山市、岡山市、岡山市,2021/8/24,火,160
330001,岡山県,井原市、矢掛町、津山市、津山市、井原市、井原市、井原市、井原市、赤磐市、赤磐市、津山市、瀬戸内市、瀬戸内市、瀬戸内市、瀬戸内市、瀬戸内市、玉野市、井原市、新見市、玉野市、津山市、総社市、井原市、赤磐市、井原市、赤磐市、和気町、備前市、美作市、津山市、津山市、井原市、浅口市、浅口市、津山市、和気町、赤磐市、瀬戸内市、瀬戸内市、玉野市、総社市、総社市、早島町、矢掛町、矢掛町、新見市、美咲町、総社市、瀬戸内市、赤磐市、赤磐市、総社市、早島町、真庭市、玉野市、早島町、新見市、美作市、玉野市、玉野市、赤磐市、瀬戸内市、真庭市、赤磐市、総社市、赤磐市、美作市、倉敷市、倉敷市、倉敷市、倉敷市、倉敷市、倉敷市、倉敷市、倉敷市、県外、県外、倉敷市、倉敷市、倉敷市、倉敷市、倉敷市、倉敷市、倉敷市、倉敷市、倉敷市、倉敷市、倉敷市、倉敷市、倉敷市、倉敷市、倉敷市、倉敷市、倉敷市、倉敷市、倉敷市、倉敷市、倉敷市、倉敷市、倉敷市、倉敷市、倉敷市、倉敷市、倉敷市、倉敷市、倉敷市、倉敷市、倉敷市、倉敷市、倉敷市、倉敷市、倉敷市、倉敷市、倉敷市、倉敷市、倉敷市、倉敷市、倉敷市、倉敷市、倉敷市、倉敷市、倉敷市、倉敷市、倉敷市、倉敷市、倉敷市、倉敷市、倉敷市、倉敷市、倉敷市、倉敷市、倉敷市、倉敷市、倉敷市、倉敷市、倉敷市、倉敷市、倉敷市、倉敷市、倉敷市、倉敷市、倉敷市、県内（倉敷市以外）、県内（倉敷市以外）、倉敷市、倉敷市、倉敷市、倉敷市、倉敷市、倉敷市、倉敷市、倉敷市、倉敷市、倉敷市、倉敷市、倉敷市、倉敷市、倉敷市、倉敷市、倉敷市、倉敷市、倉敷市、倉敷市、倉敷市、倉敷市、倉敷市、倉敷市、倉敷市、倉敷市、倉敷市、倉敷市、倉敷市、倉敷市、倉敷市、倉敷市、倉敷市、倉敷市、倉敷市、倉敷市、岡山市、岡山市、岡山市、岡山市、岡山市、岡山市、岡山市、岡山市、岡山市、岡山市、岡山市、岡山市、岡山市、岡山市、岡山市、岡山市、岡山市、岡山市、岡山市、岡山市、岡山市、岡山市、岡山市、岡山市、岡山市、岡山市、岡山市、岡山市、岡山市、岡山市、岡山市、岡山市、岡山市、岡山市、岡山市、岡山市、岡山市、岡山市、岡山市、岡山市、岡山市、岡山市、岡山市、岡山市、岡山市、岡山市、岡山市、岡山市、岡山市、岡山市、岡山市、岡山市、岡山市、岡山市、岡山市、岡山市、岡山市、岡山市、岡山市、岡山市、岡山市、岡山市、岡山市、岡山市、岡山市、岡山市、岡山市、岡山市、岡山市、岡山市、岡山市、岡山市、岡山市、岡山市、岡山市、岡山市、岡山市、岡山市、岡山市、岡山市、岡山市、岡山市、岡山市、岡山市、岡山市、岡山市、岡山市、岡山市、岡山市、岡山市、岡山市、岡山市、岡山市、岡山市、岡山市、岡山市、岡山市、岡山市、岡山市、岡山市、岡山市、岡山市、岡山市、岡山市、岡山市、岡山市、岡山市、県外、岡山市、岡山市、岡山市、岡山市、岡山市、岡山市、岡山市、岡山市、岡山市、岡山市、岡山市、岡山市、岡山市、岡山市、岡山市,2021/8/25,水,302
330001,岡山県,早島町、津山市、津山市、玉野市、瀬戸内市、浅口市、赤磐市、津山市、津山市、津山市、井原市、総社市、新見市、総社市、総社市、新見市、赤磐市、笠岡市、浅口市、総社市、津山市、玉野市、玉野市、瀬戸内市、総社市、津山市、玉野市、瀬戸内市、瀬戸内市、玉野市、玉野市、玉野市、吉備中央町、津山市、早島町、真庭市、玉野市、玉野市、玉野市、玉野市、備前市、津山市、津山市、津山市、津山市、津山市、矢掛町、井原市、倉敷市、倉敷市、倉敷市、倉敷市、倉敷市、倉敷市、倉敷市、倉敷市、倉敷市、倉敷市、倉敷市、倉敷市、倉敷市、倉敷市、倉敷市、倉敷市、倉敷市、倉敷市、倉敷市、倉敷市、倉敷市、倉敷市、倉敷市、倉敷市、倉敷市、倉敷市、倉敷市、倉敷市、倉敷市、倉敷市、倉敷市、倉敷市、倉敷市、倉敷市、倉敷市、倉敷市、倉敷市、倉敷市、倉敷市、倉敷市、倉敷市、倉敷市、倉敷市、倉敷市、倉敷市、倉敷市、倉敷市、倉敷市、倉敷市、県外、倉敷市、倉敷市、倉敷市、倉敷市、倉敷市、倉敷市、倉敷市、倉敷市、岡山市、岡山市、岡山市、岡山市、岡山市、岡山市、岡山市、岡山市、岡山市、岡山市、岡山市、岡山市、岡山市、岡山市、岡山市、岡山市、岡山市、岡山市、岡山市、岡山市、岡山市、岡山市、岡山市、岡山市、岡山市、岡山市、岡山市、岡山市、岡山市、岡山市、岡山市、岡山市、岡山市、岡山市、岡山市、岡山市、岡山市、岡山市、岡山市、岡山市、岡山市、岡山市、岡山市、岡山市、岡山市、岡山市、岡山市、岡山市、岡山市、岡山市、岡山市、岡山市、岡山市、岡山市、岡山市、岡山市、岡山市、岡山市、岡山市、岡山市、岡山市、岡山市、岡山市、岡山市、岡山市、岡山市、岡山市、岡山市、岡山市、岡山市、岡山市、岡山市、岡山市、岡山市、岡山市、岡山市、岡山市、岡山市、岡山市、岡山市、岡山市、岡山市、岡山市、岡山市、岡山市、岡山市、岡山市、岡山市、岡山市、岡山市、岡山市、岡山市、岡山市、岡山市、岡山市、岡山市、県外、岡山市、岡山市、岡山市,2021/8/26,木,206
330001,岡山県,津山市、津山市、津山市、津山市、玉野市、矢掛町、赤磐市、赤磐市、赤磐市、勝央町、総社市、玉野市、玉野市、玉野市、玉野市、高梁市、津山市、浅口市、矢掛町、早島町、玉野市、玉野市、玉野市、笠岡市、美咲町、滋賀県、津山市、津山市、津山市、津山市、津山市、津山市、津山市、津山市、津山市、津山市、津山市、大阪府、福井県、玉野市、玉野市、赤磐市、勝央町、勝央町、勝央町、里庄町、津山市、津山市、玉野市、備前市、倉敷市、倉敷市、倉敷市、倉敷市、倉敷市、倉敷市、倉敷市、倉敷市、倉敷市、倉敷市、倉敷市、倉敷市、倉敷市、倉敷市、倉敷市、倉敷市、倉敷市、倉敷市、倉敷市、倉敷市、倉敷市、倉敷市、倉敷市、倉敷市、倉敷市、倉敷市、倉敷市、倉敷市、倉敷市、倉敷市、倉敷市、倉敷市、倉敷市、倉敷市、倉敷市、倉敷市、倉敷市、倉敷市、倉敷市、倉敷市、倉敷市、倉敷市、倉敷市、倉敷市、倉敷市、倉敷市、倉敷市、倉敷市、倉敷市、倉敷市、倉敷市、倉敷市、倉敷市、倉敷市、倉敷市、倉敷市、倉敷市、倉敷市、倉敷市、倉敷市、倉敷市、倉敷市、倉敷市、倉敷市、倉敷市、倉敷市、倉敷市、倉敷市、倉敷市、倉敷市、倉敷市、倉敷市、倉敷市、倉敷市、倉敷市、倉敷市、倉敷市、岡山市、岡山市、岡山市、岡山市、岡山市、岡山市、岡山市、岡山市、岡山市、県外、岡山市、岡山市、岡山市、岡山市、岡山市、岡山市、岡山市、岡山市、岡山市、岡山市、岡山市、岡山市、岡山市、岡山市、岡山市、岡山市、岡山市、岡山市、岡山市、岡山市、岡山市、岡山市、岡山市、岡山市、岡山市、岡山市、岡山市、岡山市、岡山市、岡山市、岡山市、岡山市、岡山市、岡山市、岡山市、岡山市、岡山市、岡山市、岡山市、岡山市、岡山市、岡山市、岡山市、岡山市、岡山市、岡山市、岡山市、岡山市、岡山市、岡山市、岡山市、岡山市、岡山市、岡山市、岡山市、岡山市、岡山市、岡山市、岡山市、岡山市、岡山市、岡山市、岡山市、岡山市、岡山市、岡山市、岡山市、岡山市、岡山市、岡山市、岡山市、岡山市、岡山市、岡山市、岡山市、岡山市、岡山市、岡山市、岡山市、岡山市、岡山市、岡山市、岡山市、岡山市、岡山市、岡山市、岡山市、岡山市、岡山市、岡山市、岡山市、岡山市、岡山市、岡山市、岡山市、岡山市、岡山市、岡山市、岡山市、岡山市、岡山市、岡山市、岡山市、岡山市、岡山市、岡山市、岡山市、岡山市、岡山市、岡山市、岡山市,2021/8/27,金,248
330001,岡山県,赤磐市、瀬戸内市、大阪府、津山市、新見市、総社市、矢掛町、笠岡市、玉野市、瀬戸内市、新見市、瀬戸内市、玉野市、浅口市、兵庫県、津山市、玉野市、津山市、津山市、津山市、津山市、津山市、津山市、玉野市、高梁市、真庭市、兵庫県、井原市、総社市、玉野市、高梁市、津山市、津山市、吉備中央町、鏡野町、津山市、津山市、津山市、津山市、津山市、津山市、津山市、津山市、津山市、津山市、玉野市、赤磐市、津山市、津山市、美作市、井原市、備前市、津山市、津山市、津山市、美咲町、玉野市、瀬戸内市、玉野市、倉敷市、倉敷市、倉敷市、倉敷市、倉敷市、倉敷市、倉敷市、倉敷市、倉敷市、倉敷市、倉敷市、倉敷市、倉敷市、倉敷市、倉敷市、倉敷市、倉敷市、倉敷市、倉敷市、倉敷市、倉敷市、倉敷市、倉敷市、倉敷市、倉敷市、倉敷市、倉敷市、倉敷市、倉敷市、倉敷市、倉敷市、倉敷市、倉敷市、倉敷市、倉敷市、倉敷市、倉敷市、倉敷市、倉敷市、倉敷市、倉敷市、倉敷市、倉敷市、倉敷市、倉敷市、倉敷市、倉敷市、県内（倉敷市以外）、倉敷市、倉敷市、倉敷市、倉敷市、倉敷市、倉敷市、倉敷市、倉敷市、倉敷市、倉敷市、倉敷市、倉敷市、倉敷市、倉敷市、倉敷市、倉敷市、倉敷市、倉敷市、倉敷市、倉敷市、倉敷市、倉敷市、倉敷市、岡山市、岡山市、岡山市、岡山市、岡山市、岡山市、岡山市、岡山市、岡山市、岡山市、岡山市、岡山市、岡山市、岡山市、岡山市、岡山市、岡山市、岡山市、岡山市、岡山市、岡山市、岡山市、岡山市、岡山市、岡山市、岡山市、岡山市、岡山市、岡山市、岡山市、岡山市、岡山市、岡山市、岡山市、岡山市、岡山市、岡山市、岡山市、岡山市、岡山市、岡山市、岡山市、岡山市、岡山市、岡山市、岡山市、岡山市、岡山市、岡山市、岡山市、岡山市、岡山市、岡山市、岡山市、岡山市、岡山市、岡山市、岡山市、岡山市、岡山市、岡山市、岡山市、岡山市、岡山市、岡山市、岡山市、岡山市、岡山市、岡山市、岡山市、岡山市、岡山市、岡山市、岡山市、岡山市、岡山市、岡山市、岡山市、岡山市、岡山市,2021/8/28,土,210
330001,岡山県,津山市、津山市、津山市、津山市、津山市、井原市、瀬戸内市、赤磐市、赤磐市、笠岡市、矢掛町、浅口市、玉野市、瀬戸内市、津山市、津山市、瀬戸内市、瀬戸内市、玉野市、高梁市、総社市、津山市、長崎県、井原市、井原市、真庭市、笠岡市、総社市、早島町、津山市、美咲町、津山市、井原市、真庭市、倉敷市、倉敷市、倉敷市、倉敷市、倉敷市、倉敷市、倉敷市、倉敷市、倉敷市、倉敷市、倉敷市、倉敷市、倉敷市、倉敷市、倉敷市、倉敷市、倉敷市、倉敷市、倉敷市、倉敷市、倉敷市、倉敷市、倉敷市、倉敷市、倉敷市、倉敷市、倉敷市、倉敷市、倉敷市、倉敷市、倉敷市、倉敷市、倉敷市、倉敷市、倉敷市、倉敷市、倉敷市、倉敷市、倉敷市、倉敷市、倉敷市、倉敷市、倉敷市、倉敷市、倉敷市、倉敷市、倉敷市、倉敷市、倉敷市、倉敷市、倉敷市、倉敷市、倉敷市、倉敷市、倉敷市、倉敷市、倉敷市、倉敷市、倉敷市、倉敷市、倉敷市、倉敷市、倉敷市、倉敷市、岡山市、岡山市、岡山市、岡山市、岡山市、岡山市、岡山市、岡山市、岡山市、岡山市、岡山市、岡山市、岡山市、岡山市、岡山市、岡山市、岡山市、岡山市、岡山市、岡山市、岡山市、岡山市、岡山市、岡山市、岡山市、岡山市、岡山市、岡山市、岡山市、岡山市、岡山市、岡山市、岡山市、岡山市、岡山市、岡山市、岡山市、岡山市、岡山市、岡山市、岡山市、岡山市、岡山市、岡山市、岡山市、岡山市、岡山市、岡山市、岡山市、岡山市、岡山市、岡山市、岡山市、岡山市、岡山市、岡山市、岡山市、岡山市、岡山市、岡山市、岡山市、岡山市、岡山市、岡山市、岡山市、岡山市、岡山市、岡山市、岡山市、岡山市、岡山市、岡山市、岡山市、岡山市、岡山市、岡山市、岡山市、岡山市、岡山市、岡山市、岡山市、岡山市、岡山市、岡山市、岡山市、岡山市、岡山市、岡山市、岡山市、岡山市,2021/8/29,日,188
330001,岡山県,早島町、津山市、津山市、美作市、勝央町、津山市、津山市、津山市、津山市、津山市、総社市、真庭市、井原市、瀬戸内市、津山市、津山市、津山市、玉野市、和気町、真庭市、真庭市、真庭市、真庭市、津山市、浅口市、真庭市、津山市、倉敷市、倉敷市、倉敷市、倉敷市、倉敷市、倉敷市、倉敷市、倉敷市、倉敷市、倉敷市、倉敷市、倉敷市、倉敷市、倉敷市、倉敷市、倉敷市、倉敷市、倉敷市、倉敷市、倉敷市、倉敷市、倉敷市、倉敷市、倉敷市、倉敷市、倉敷市、倉敷市、倉敷市、倉敷市、倉敷市、倉敷市、倉敷市、倉敷市、倉敷市、倉敷市、倉敷市、倉敷市、倉敷市、倉敷市、倉敷市、倉敷市、倉敷市、倉敷市、倉敷市、倉敷市、岡山市、岡山市、岡山市、岡山市、岡山市、岡山市、岡山市、岡山市、岡山市、岡山市、岡山市、岡山市、岡山市、岡山市、岡山市、岡山市、岡山市、岡山市、岡山市、岡山市、岡山市、岡山市、岡山市、岡山市、岡山市、岡山市、岡山市、岡山市、岡山市、岡山市、岡山市、岡山市、岡山市、岡山市、岡山市、岡山市、岡山市、岡山市、岡山市、岡山市、岡山市、岡山市、岡山市、岡山市、岡山市、岡山市、岡山市、岡山市、岡山市、岡山市、岡山市、岡山市、岡山市、岡山市、岡山市、岡山市、岡山市、岡山市、岡山市、岡山市、岡山市、岡山市、岡山市、岡山市、岡山市、岡山市、岡山市、岡山市、岡山市、岡山市、岡山市、岡山市、岡山市、岡山市、岡山市、岡山市、岡山市、岡山市、岡山市,2021/8/30,月,151
330001,岡山県,笠岡市、井原市、井原市、井原市、津山市、津山市、総社市、総社市、勝央町、瀬戸内市、瀬戸内市、赤磐市、瀬戸内市、津山市、真庭市、真庭市、真庭市、真庭市、真庭市、津山市、津山市、総社市、備前市、美作市、奈義町、津山市、赤磐市、久米南町、笠岡市、美作市、玉野市、浅口市、笠岡市、津山市、備前市、備前市、瀬戸内市、井原市、倉敷市、倉敷市、倉敷市、倉敷市、倉敷市、倉敷市、倉敷市、倉敷市、倉敷市、倉敷市、倉敷市、倉敷市、倉敷市、倉敷市、倉敷市、倉敷市、倉敷市、倉敷市、倉敷市、倉敷市、倉敷市、倉敷市、倉敷市、岡山市、岡山市、岡山市、岡山市、岡山市、岡山市、岡山市、岡山市、岡山市、岡山市、岡山市、岡山市、岡山市、岡山市、岡山市、岡山市、岡山市、岡山市、岡山市、岡山市、岡山市、岡山市、岡山市、岡山市、岡山市、岡山市、岡山市、岡山市、岡山市、岡山市、岡山市、岡山市、岡山市、岡山市、岡山市、岡山市、岡山市、岡山市、県内（岡山市以外）、岡山市、岡山市、岡山市、岡山市、岡山市、岡山市、岡山市、岡山市、岡山市、岡山市、岡山市、岡山市、岡山市、岡山市、岡山市、岡山市、岡山市、岡山市、岡山市、岡山市、岡山市、岡山市、岡山市、岡山市、県内（岡山市以外）、岡山市、岡山市、岡山市、岡山市、岡山市、岡山市、岡山市、岡山市、岡山市、岡山市、岡山市、岡山市、岡山市、岡山市,2021/8/31,火,139
330001,岡山県,赤磐市、矢掛町、備前市、赤磐市、赤磐市、勝央町、津山市、津山市、笠岡市、玉野市、里庄町、笠岡市、笠岡市、矢掛町、玉野市、玉野市、瀬戸内市、総社市、総社市、総社市、井原市、赤磐市、津山市、美作市、真庭市、瀬戸内市、瀬戸内市、玉野市、赤磐市、玉野市、津山市、矢掛町、真庭市、笠岡市、和気町、矢掛町、玉野市、矢掛町、備前市、備前市、井原市、矢掛町、矢掛町、倉敷市、倉敷市、倉敷市、倉敷市、倉敷市、倉敷市、倉敷市、倉敷市、倉敷市、倉敷市、倉敷市、倉敷市、倉敷市、倉敷市、倉敷市、倉敷市、倉敷市、倉敷市、倉敷市、倉敷市、倉敷市、倉敷市、倉敷市、倉敷市、倉敷市、倉敷市、倉敷市、倉敷市、倉敷市、倉敷市、倉敷市、倉敷市、倉敷市、倉敷市、倉敷市、倉敷市、倉敷市、倉敷市、倉敷市、倉敷市、倉敷市、倉敷市、倉敷市、倉敷市、倉敷市、倉敷市、倉敷市、倉敷市、倉敷市、倉敷市、倉敷市、倉敷市、倉敷市、倉敷市、倉敷市、倉敷市、倉敷市、倉敷市、倉敷市、倉敷市、倉敷市、倉敷市、倉敷市、倉敷市、倉敷市、倉敷市、倉敷市、倉敷市、倉敷市、倉敷市、倉敷市、倉敷市、倉敷市、倉敷市、倉敷市、倉敷市、倉敷市、倉敷市、倉敷市、倉敷市、倉敷市、倉敷市、倉敷市、倉敷市、倉敷市、倉敷市、倉敷市、倉敷市、倉敷市、倉敷市、県外、倉敷市、倉敷市、倉敷市、岡山市、岡山市、岡山市、岡山市、岡山市、岡山市、岡山市、岡山市、岡山市、岡山市、岡山市、岡山市、岡山市、岡山市、岡山市、岡山市、岡山市、岡山市、岡山市、岡山市、岡山市、岡山市、岡山市、岡山市、岡山市、岡山市、岡山市、岡山市、岡山市、岡山市、岡山市、岡山市、岡山市、岡山市、岡山市、岡山市、岡山市、岡山市、岡山市、岡山市、岡山市、岡山市、岡山市、岡山市、岡山市、岡山市、岡山市、岡山市、岡山市、岡山市、岡山市、岡山市、岡山市、岡山市、岡山市、岡山市、岡山市、岡山市、岡山市、岡山市、岡山市、岡山市、岡山市、岡山市、岡山市、岡山市、岡山市、岡山市、岡山市、岡山市、岡山市、岡山市、岡山市、岡山市、岡山市、岡山市、岡山市、岡山市、岡山市、岡山市、岡山市,2021/9/1,水,218
330001,岡山県,早島町、早島町、備前市、津山市、津山市、玉野市、備前市、矢掛町、津山市、津山市、津山市、津山市、新見市、瀬戸内市、瀬戸内市、笠岡市、笠岡市、赤磐市、玉野市、浅口市、浅口市、奈義町、玉野市、瀬戸内市、玉野市、美作市、井原市、矢掛町、津山市、総社市、早島町、和気町、矢掛町、総社市、備前市、備前市、矢掛町、倉敷市、倉敷市、倉敷市、倉敷市、倉敷市、倉敷市、倉敷市、倉敷市、倉敷市、倉敷市、倉敷市、倉敷市、倉敷市、倉敷市、倉敷市、倉敷市、倉敷市、倉敷市、倉敷市、倉敷市、倉敷市、倉敷市、倉敷市、倉敷市、倉敷市、倉敷市、倉敷市、倉敷市、倉敷市、倉敷市、倉敷市、倉敷市、倉敷市、倉敷市、倉敷市、倉敷市、倉敷市、倉敷市、倉敷市、倉敷市、倉敷市、倉敷市、倉敷市、県外、倉敷市、倉敷市、倉敷市、倉敷市、倉敷市、倉敷市、倉敷市、倉敷市、岡山市、岡山市、岡山市、岡山市、岡山市、岡山市、岡山市、岡山市、岡山市、岡山市、岡山市、岡山市、岡山市、岡山市、岡山市、岡山市、岡山市、岡山市、岡山市、岡山市、岡山市、岡山市、岡山市、岡山市、岡山市、岡山市、岡山市、岡山市、岡山市、岡山市、岡山市、岡山市、岡山市、岡山市、岡山市、岡山市、岡山市、岡山市、岡山市、岡山市、岡山市、岡山市、岡山市、岡山市、岡山市、岡山市、岡山市、岡山市、岡山市、岡山市、岡山市、岡山市、岡山市、岡山市、岡山市、岡山市、岡山市、岡山市、岡山市、岡山市、岡山市、岡山市、岡山市、岡山市、岡山市、岡山市、岡山市、岡山市、岡山市、岡山市、岡山市、岡山市、岡山市、岡山市,2021/9/2,木,163
330001,岡山県,勝央町、津山市、津山市、備前市、津山市、津山市、笠岡市、津山市、津山市、玉野市、久米南町、笠岡市、玉野市、真庭市、新見市、早島町、笠岡市、笠岡市、矢掛町、総社市、玉野市、津山市、早島町、浅口市、浅口市、津山市、総社市、備前市、備前市、津山市、津山市、笠岡市、笠岡市、笠岡市、赤磐市、総社市、総社市、倉敷市、倉敷市、倉敷市、倉敷市、倉敷市、倉敷市、倉敷市、倉敷市、倉敷市、倉敷市、倉敷市、倉敷市、倉敷市、倉敷市、倉敷市、倉敷市、倉敷市、倉敷市、県外、倉敷市、倉敷市、倉敷市、倉敷市、倉敷市、倉敷市、倉敷市、倉敷市、倉敷市、倉敷市、倉敷市、倉敷市、倉敷市、倉敷市、倉敷市、倉敷市、倉敷市、倉敷市、倉敷市、倉敷市、倉敷市、倉敷市、倉敷市、倉敷市、倉敷市、倉敷市、倉敷市、倉敷市、倉敷市、倉敷市、倉敷市、倉敷市、倉敷市、倉敷市、倉敷市、倉敷市、倉敷市、倉敷市、倉敷市、倉敷市、倉敷市、倉敷市、倉敷市、倉敷市、岡山市、岡山市、岡山市、岡山市、岡山市、岡山市、岡山市、岡山市、岡山市、岡山市、岡山市、岡山市、岡山市、岡山市、県外、岡山市、岡山市、岡山市、岡山市、岡山市、岡山市、岡山市、岡山市、岡山市、岡山市、岡山市、岡山市、岡山市、岡山市、岡山市、岡山市、岡山市、岡山市、岡山市、岡山市、岡山市、岡山市、岡山市、岡山市、岡山市、岡山市、岡山市、岡山市、岡山市、岡山市、岡山市、岡山市、岡山市、岡山市、岡山市、岡山市、岡山市、岡山市、岡山市、岡山市、岡山市、岡山市、岡山市、岡山市、岡山市、岡山市、岡山市、岡山市、岡山市、岡山市、岡山市、岡山市、岡山市、岡山市、岡山市、岡山市、岡山市、岡山市、岡山市、岡山市、岡山市、岡山市、岡山市、岡山市、岡山市、岡山市、岡山市、岡山市、岡山市、岡山市,2021/9/3,金,185
330001,岡山県,津山市、総社市、総社市、早島町、総社市、備前市、備前市、備前市、高梁市、玉野市、総社市、総社市、和気町、井原市、総社市、笠岡市、総社市、埼玉県、津山市、津山市、津山市、鏡野町、総社市、総社市、総社市、早島町、早島町、早島町、浅口市、笠岡市、津山市、津山市、津山市、津山市、山口県、備前市、笠岡市、備前市、備前市、笠岡市、総社市、赤磐市、早島町、総社市、倉敷市、倉敷市、倉敷市、倉敷市、倉敷市、倉敷市、倉敷市、倉敷市、倉敷市、倉敷市、倉敷市、倉敷市、倉敷市、倉敷市、倉敷市、倉敷市、倉敷市、倉敷市、倉敷市、倉敷市、倉敷市、倉敷市、倉敷市、倉敷市、倉敷市、倉敷市、倉敷市、倉敷市、倉敷市、倉敷市、倉敷市、倉敷市、倉敷市、倉敷市、倉敷市、倉敷市、倉敷市、倉敷市、倉敷市、倉敷市、倉敷市、岡山市、岡山市、岡山市、岡山市、岡山市、岡山市、岡山市、岡山市、岡山市、岡山市、岡山市、岡山市、岡山市、岡山市、岡山市、岡山市、岡山市、岡山市、岡山市、岡山市、岡山市、岡山市、岡山市、岡山市、岡山市、岡山市、岡山市、岡山市、岡山市、岡山市、岡山市、岡山市、岡山市、岡山市、岡山市、岡山市、岡山市、岡山市、岡山市、岡山市、岡山市、岡山市、岡山市、岡山市、岡山市、岡山市、岡山市、岡山市、岡山市、岡山市、岡山市、岡山市、岡山市、岡山市、岡山市、岡山市,2021/9/4,土,141
330001,岡山県,笠岡市、笠岡市、玉野市、瀬戸内市、笠岡市、津山市、美咲町、総社市、浅口市、総社市、総社市、総社市、総社市、総社市、総社市、総社市、総社市、備前市、備前市、備前市、備前市、津山市、津山市、津山市、浅口市、津山市、笠岡市、笠岡市、笠岡市、井原市、里庄町、倉敷市、倉敷市、倉敷市、倉敷市、倉敷市、倉敷市、倉敷市、倉敷市、倉敷市、倉敷市、倉敷市、倉敷市、倉敷市、倉敷市、倉敷市、倉敷市、倉敷市、倉敷市、倉敷市、倉敷市、倉敷市、倉敷市、倉敷市、倉敷市、倉敷市、倉敷市、倉敷市、倉敷市、倉敷市、倉敷市、倉敷市、倉敷市、倉敷市、市外、倉敷市、倉敷市、倉敷市、倉敷市、倉敷市、倉敷市、倉敷市、岡山市、岡山市、岡山市、岡山市、岡山市、岡山市、岡山市、岡山市、岡山市、岡山市、岡山市、岡山市、岡山市、岡山市、岡山市、岡山市、岡山市、岡山市、岡山市、岡山市、岡山市、岡山市、岡山市、岡山市、岡山市、岡山市、岡山市、岡山市、岡山市、岡山市、岡山市、岡山市、岡山市、岡山市、岡山市、岡山市、岡山市、岡山市、岡山市、岡山市、岡山市、岡山市、岡山市、岡山市、岡山市、岡山市、岡山市、岡山市、岡山市、岡山市、岡山市、岡山市、岡山市、岡山市、岡山市、岡山市、岡山市、岡山市、岡山市、岡山市、岡山市,2021/9/5,日,133
330001,岡山県,津山市、備前市、津山市、美咲町、勝央町、総社市、総社市、津山市、笠岡市、津山市、備前市、倉敷市、倉敷市、倉敷市、倉敷市、倉敷市、倉敷市、倉敷市、倉敷市、倉敷市、倉敷市、倉敷市、倉敷市、倉敷市、岡山市、岡山市、岡山市、岡山市、岡山市、岡山市、岡山市、岡山市、岡山市、岡山市、岡山市、岡山市、岡山市、岡山市、岡山市、岡山市、岡山市、岡山市、岡山市、岡山市、岡山市、岡山市、岡山市、岡山市、岡山市、岡山市、岡山市、岡山市、岡山市、岡山市、岡山市、岡山市、岡山市、岡山市、岡山市、岡山市、岡山市、岡山市、岡山市、岡山市、岡山市、岡山市、岡山市、岡山市,2021/9/6,月,68
330001,岡山県,井原市、笠岡市、井原市、津山市、鏡野町、瀬戸内市、総社市、真庭市、真庭市、真庭市、真庭市、真庭市、鏡野町、赤磐市、備前市、津山市、津山市、笠岡市、赤磐市、鏡野町、津山市、倉敷市、倉敷市、倉敷市、岡山市、岡山市、岡山市、岡山市、岡山市、岡山市、岡山市、岡山市、岡山市、岡山市、岡山市、岡山市、岡山市、岡山市、岡山市、岡山市、岡山市、岡山市、岡山市、岡山市、岡山市、岡山市、岡山市、岡山市、岡山市、岡山市、岡山市、岡山市、岡山市、岡山市、岡山市、岡山市、岡山市、岡山市、岡山市、岡山市、岡山市、岡山市,2021/9/7,火,62
330001,岡山県,赤磐市、赤磐市、笠岡市、笠岡市、真庭市、玉野市、矢掛町、笠岡市、笠岡市、早島町、笠岡市、笠岡市、井原市、玉野市、玉野市、早島町、美咲町、新見市、玉野市、津山市、鏡野町、井原市、井原市、赤磐市、倉敷市、倉敷市、倉敷市、倉敷市、倉敷市、倉敷市、倉敷市、倉敷市、倉敷市、倉敷市、倉敷市、倉敷市、倉敷市、倉敷市、倉敷市、倉敷市、倉敷市、倉敷市、倉敷市、倉敷市、倉敷市、倉敷市、倉敷市、倉敷市、倉敷市、倉敷市、倉敷市、倉敷市、倉敷市、倉敷市、倉敷市、倉敷市、倉敷市、倉敷市、倉敷市、倉敷市、倉敷市、倉敷市、倉敷市、倉敷市、倉敷市、倉敷市、倉敷市、倉敷市、倉敷市、倉敷市、倉敷市、倉敷市、倉敷市、倉敷市、倉敷市、倉敷市、倉敷市、倉敷市、倉敷市、倉敷市、倉敷市、倉敷市、岡山市、岡山市、岡山市、岡山市、岡山市、岡山市、岡山市、岡山市、岡山市、岡山市、岡山市、岡山市、岡山市、岡山市、岡山市、岡山市、岡山市、岡山市、岡山市、岡山市、岡山市、岡山市、岡山市、岡山市、岡山市、岡山市、岡山市、岡山市、岡山市、岡山市、岡山市,2021/9/8,水,113
330001,岡山県,瀬戸内市、総社市、笠岡市、笠岡市、笠岡市、勝央町、総社市、総社市、玉野市、矢掛町、勝央町、赤磐市、備前市、倉敷市、倉敷市、倉敷市、倉敷市、倉敷市、倉敷市、倉敷市、倉敷市、倉敷市、倉敷市、倉敷市、倉敷市、倉敷市、倉敷市、倉敷市、倉敷市、倉敷市、倉敷市、岡山市、岡山市、岡山市、岡山市、岡山市、岡山市、岡山市、岡山市、岡山市、岡山市、岡山市、岡山市、岡山市、岡山市、岡山市、岡山市、岡山市、岡山市、岡山市、岡山市、岡山市、岡山市、岡山市、岡山市、岡山市、岡山市、岡山市、岡山市、岡山市、岡山市、岡山市、岡山市、岡山市、岡山市、岡山市、岡山市、岡山市、岡山市、岡山市、岡山市、岡山市,2021/9/9,木,72
330001,岡山県,高梁市、高梁市、笠岡市、総社市、瀬戸内市、玉野市、津山市、早島町、兵庫県、倉敷市、倉敷市、倉敷市、倉敷市、倉敷市、倉敷市、倉敷市、倉敷市、倉敷市、倉敷市、倉敷市、倉敷市、倉敷市、倉敷市、倉敷市、倉敷市、倉敷市、倉敷市、倉敷市、倉敷市、倉敷市、倉敷市、倉敷市、倉敷市、倉敷市、倉敷市、倉敷市、倉敷市、倉敷市、倉敷市、倉敷市、倉敷市、倉敷市、倉敷市、倉敷市、倉敷市、倉敷市、倉敷市、倉敷市、倉敷市、倉敷市、倉敷市、岡山市、岡山市、岡山市、岡山市、岡山市、岡山市、岡山市、岡山市、岡山市、岡山市、岡山市、岡山市、岡山市、岡山市、岡山市、岡山市、岡山市、岡山市、岡山市、岡山市、岡山市、岡山市、岡山市、岡山市、岡山市、岡山市、岡山市、岡山市、岡山市、岡山市、岡山市、岡山市,2021/9/10,金,83
330001,岡山県,瀬戸内市、笠岡市、井原市、玉野市、笠岡市、勝央町、総社市、早島町、美咲町、瀬戸内市、倉敷市、倉敷市、倉敷市、倉敷市、県外、倉敷市、倉敷市、倉敷市、倉敷市、倉敷市、倉敷市、倉敷市、倉敷市、倉敷市、倉敷市、倉敷市、倉敷市、倉敷市、岡山市、岡山市、岡山市、岡山市、岡山市、岡山市、岡山市、岡山市、岡山市、岡山市、岡山市、岡山市、岡山市、岡山市、岡山市、岡山市、岡山市、岡山市、倉敷市、倉敷市、倉敷市、倉敷市、倉敷市、岡山市、岡山市、岡山市、岡山市、岡山市、岡山市、岡山市、岡山市、岡山市、岡山市、岡山市、岡山市、岡山市、岡山市、岡山市、岡山市、岡山市、岡山市、岡山市、岡山市、岡山市、岡山市、岡山市、岡山市、岡山市、岡山市、岡山市、岡山市、岡山市、岡山市、岡山市、岡山市,2021/9/11,土,46
330001,岡山県,玉野市、玉野市、浅口市、総社市、高梁市、瀬戸内市、備前市、玉野市、倉敷市、倉敷市、県内（倉敷市以外）、倉敷市、倉敷市、倉敷市、倉敷市、倉敷市、倉敷市、倉敷市、倉敷市、倉敷市、倉敷市、倉敷市、倉敷市、倉敷市、倉敷市、倉敷市、倉敷市、倉敷市、倉敷市、倉敷市、倉敷市、倉敷市、倉敷市、倉敷市、倉敷市、倉敷市、倉敷市、倉敷市、倉敷市、倉敷市、倉敷市、倉敷市、倉敷市、倉敷市、岡山市、岡山市、岡山市、岡山市、岡山市、岡山市、岡山市、岡山市、岡山市、岡山市、岡山市、岡山市、岡山市、岡山市、岡山市、岡山市、岡山市、岡山市、岡山市,2021/9/12,日,63
330001,岡山県,総社市、美咲町、津山市、倉敷市、倉敷市、県内（倉敷市以外）、県内（倉敷市以外）、県内（倉敷市以外）、県内（倉敷市以外）、倉敷市、倉敷市、岡山市、岡山市、岡山市、岡山市、岡山市、岡山市、岡山市、岡山市、岡山市、岡山市、岡山市、岡山市、岡山市,2021/9/13,月,24
330001,岡山県,津山市、津山市、総社市、総社市、津山市、津山市、赤磐市、井原市、美咲町、玉野市、高梁市、美咲町、美咲町、県外、倉敷市、倉敷市、倉敷市、倉敷市、倉敷市、倉敷市、岡山市、岡山市、岡山市、岡山市、岡山市、岡山市、岡山市、岡山市、岡山市、岡山市、岡山市、岡山市、岡山市、岡山市、岡山市、岡山市、岡山市、岡山市,2021/9/14,火,38
330001,岡山県,津山市、笠岡市、備前市、備前市、瀬戸内市、玉野市、総社市、赤磐市、浅口市、津山市、津山市、総社市、総社市、総社市、総社市、総社市、総社市、総社市、美咲町、倉敷市、倉敷市、倉敷市、県外、倉敷市、倉敷市、県外、倉敷市、倉敷市、倉敷市、倉敷市、倉敷市、倉敷市、倉敷市、県外、県外、岡山市、岡山市、岡山市、岡山市、岡山市、岡山市、岡山市、岡山市、岡山市、岡山市、岡山市、岡山市、岡山市、岡山市、岡山市,2021/9/15,水,50
330001,岡山県,美咲町、赤磐市、津山市、岐阜県、真庭市、赤磐市、総社市、総社市、総社市、赤磐市、津山市、津山市、津山市、津山市、倉敷市、倉敷市、倉敷市、倉敷市、倉敷市、倉敷市、倉敷市、倉敷市、倉敷市、倉敷市、倉敷市、倉敷市、岡山市、岡山市、岡山市、岡山市、岡山市、岡山市、岡山市、岡山市、岡山市、岡山市、岡山市、岡山市、岡山市、岡山市、岡山市、岡山市、岡山市、岡山市,2021/9/16,木,44
330001,岡山県,津山市、津山市、津山市、赤磐市、総社市、美作市、勝央町、赤磐市、赤磐市、津山市、赤磐市、総社市、倉敷市、倉敷市、県外、県外、倉敷市、倉敷市、倉敷市、岡山市、岡山市、岡山市、岡山市、岡山市、岡山市,2021/9/17,金,25
330001,岡山県,真庭市、津山市、赤磐市、真庭市、赤磐市、赤磐市、玉野市、赤磐市、美咲町、美咲町、倉敷市、倉敷市、倉敷市、倉敷市、倉敷市、倉敷市、倉敷市、倉敷市、倉敷市、倉敷市、倉敷市、倉敷市、倉敷市、岡山市、岡山市、岡山市、岡山市、岡山市、岡山市、岡山市、岡山市、岡山市、岡山市、岡山市、岡山市、岡山市、岡山市,2021/9/18,土,37
330001,岡山県,真庭市、備前市、津山市、津山市、津山市、津山市、津山市、津山市、倉敷市、倉敷市、倉敷市、倉敷市、岡山市、岡山市、岡山市、岡山市、岡山市、岡山市、岡山市、岡山市、岡山市,2021/9/19,日,21
330001,岡山県,赤磐市、備前市、津山市、浅口市、倉敷市、倉敷市、倉敷市、岡山市、岡山市,2021/9/20,月,9
330001,岡山県,赤磐市、倉敷市、岡山市,2021/9/21,火,3
330001,岡山県,赤磐市、津山市、津山市、総社市、総社市、総社市、総社市、津山市、井原市、津山市、県外、倉敷市、倉敷市、倉敷市、倉敷市、倉敷市、岡山市、岡山市、岡山市、岡山市、岡山市,2021/9/22,水,21
330001,岡山県,備前市、総社市、津山市、県外（倉敷市以外）、倉敷市、倉敷市、倉敷市、倉敷市、倉敷市、倉敷市、倉敷市、倉敷市、倉敷市、倉敷市、倉敷市、岡山市、岡山市、岡山市、岡山市、岡山市、岡山市、岡山市、岡山市,2021/9/23,木,23
330001,岡山県,総社市、総社市、倉敷市、倉敷市、倉敷市、倉敷市、倉敷市、倉敷市、倉敷市、倉敷市、岡山市、岡山市、岡山市,2021/9/24,金,13
330001,岡山県,瀬戸内市、瀬戸内市、美咲町、津山市、倉敷市、倉敷市、倉敷市、倉敷市、倉敷市、倉敷市、倉敷市、岡山市、岡山市,2021/9/25,土,13
330001,岡山県,津山市、津山市、倉敷市、倉敷市、倉敷市、倉敷市、岡山市、岡山市、岡山市、岡山市,2021/9/26,日,10
330001,岡山県,津山市、津山市,2021/9/27,月,2
330001,岡山県,早島町、岡山市、岡山市、岡山市,2021/9/28,火,4
330001,岡山県,津山市、津山市、津山市、早島町、早島町、早島町、総社市、備前市、倉敷市、倉敷市、倉敷市、倉敷市、倉敷市、岡山市、岡山市、岡山市、岡山市,2021/9/29,水,17
330001,岡山県,井原市、玉野市、玉野市、倉敷市、倉敷市、倉敷市、岡山市、岡山市、岡山市、岡山市,2021/9/30,木,10
330001,岡山県,玉野市、美作市、倉敷市、倉敷市、倉敷市、岡山市、岡山市、岡山市、岡山市、岡山市,2021/10/1,金,10
330001,岡山県,笠岡市、津山市、赤磐市、非公表、倉敷市、倉敷市、岡山市,2021/10/2,土,7
330001,岡山県,玉野市、玉野市、津山市、玉野市、倉敷市、岡山市,2021/10/3,日,6
330001,岡山県,倉敷市、倉敷市、倉敷市、倉敷市、倉敷市、倉敷市、倉敷市、倉敷市、岡山市、岡山市、岡山市、岡山市,2021/10/4,月,12
330001,岡山県,津山市、玉野市、倉敷市、倉敷市、岡山市、岡山市、岡山市,2021/10/5,火,7
330001,岡山県,倉敷市、倉敷市、倉敷市、倉敷市、倉敷市、倉敷市、倉敷市、倉敷市、倉敷市、倉敷市、岡山市、岡山市、岡山市、岡山市、岡山市、岡山市、岡山市、岡山市,2021/10/6,水,18
330001,岡山県,兵庫県、笠岡市、玉野市、玉野市、玉野市、倉敷市、倉敷市、倉敷市,2021/10/7,木,8
330001,岡山県,岡山市、岡山市、岡山市、岡山市、岡山市、岡山市、岡山市、岡山市、岡山市,2021/10/8,金,9
330001,岡山県,吉備中央町、吉備中央町、倉敷市、岡山市,2021/10/9,土,4
330001,岡山県,岡山市、岡山市、岡山市,2021/10/10,日,3
330001,岡山県,総社市、倉敷市、岡山市、岡山市、岡山市、岡山市,2021/10/11,月,6
330001,岡山県,玉野市、津山市、倉敷市、倉敷市、倉敷市、岡山市、岡山市、岡山市,2021/10/12,火,8
330001,岡山県,総社市、総社市、総社市、玉野市、津山市、倉敷市、倉敷市、岡山市、岡山市、岡山市,2021/10/13,水,10
330001,岡山県,瀬戸内市、倉敷市、岡山市,2021/10/14,木,3
330001,岡山県,和気町、総社市、美作市、津山市、倉敷市、倉敷市、倉敷市,2021/10/15,金,7
330001,岡山県,美作市、美作市、倉敷市、岡山市,2021/10/16,土,4
330001,岡山県,美咲町、美咲町、美咲町、美作市、赤磐市、倉敷市,2021/10/17,日,6
330001,岡山県,美作市、瀬戸内市、美咲町、倉敷市,2021/10/18,月,4
330001,岡山県,津山市、美咲町、津山市、吉備中央町、美咲町、総社市、津山市、倉敷市、岡山市,2021/10/19,火,9
330001,岡山県,吉備中央町、浅口市、浅口市、津山市、倉敷市、倉敷市、岡山市、岡山市,2021/10/20,水,8
330001,岡山県,津山市、津山市、県外,2021/10/21,木,3
330001,岡山県,倉敷市、岡山市,2021/10/22,金,2
330001,岡山県,吉備中央町、倉敷市,2021/10/23,土,2
330001,岡山県,吉備中央町、吉備中央町、岡山市,2021/10/24,日,3
330001,岡山県,岡山市、岡山市,2021/10/25,月,2
330001,岡山県,玉野市、津山市、岡山市,2021/10/26,火,3
330001,岡山県,浅口市、津山市、津山市、津山市、津山市、岡山市、岡山市、岡山市、岡山市、岡山市、岡山市,2021/10/27,水,11
330001,岡山県,総社市、岡山市、岡山市、岡山市、岡山市、岡山市,2021/10/28,木,6
330001,岡山県,岡山市、岡山市、岡山市、岡山市、岡山市、岡山市、岡山市、岡山市、岡山市,2021/10/29,金,9
330001,岡山県,倉敷市、倉敷市、岡山市、岡山市、岡山市、岡山市、岡山市、岡山市、岡山市,2021/10/30,土,9
330001,岡山県,国外、吉備中央町、倉敷市、岡山市、岡山市、岡山市、岡山市、岡山市,2021/10/31,日,8
330001,岡山県,浅口市、岡山市、岡山市、岡山市、岡山市,2021/11/1,月,5
330001,岡山県,総社市、高梁市、岡山市、岡山市、岡山市、岡山市、岡山市、岡山市、岡山市、岡山市、岡山市、岡山市、岡山市、岡山市,2021/11/2,火,14
330001,岡山県,倉敷市、倉敷市、倉敷市、岡山市、岡山市、岡山市、岡山市、岡山市、岡山市、岡山市、岡山市、県外,2021/11/3,水,12
330001,岡山県,吉備中央町、総社市、高梁市、高梁市、高梁市、高梁市、高梁市、高梁市、高梁市、高梁市、倉敷市、倉敷市、倉敷市、県内（倉敷市以外）、岡山市、岡山市、岡山市、岡山市,2021/11/4,木,18
330001,岡山県,笠岡市、笠岡市、和気町、高梁市、倉敷市、倉敷市、岡山市、岡山市、岡山市、岡山市、岡山市、岡山市,2021/11/5,金,12
330001,岡山県,赤磐市、倉敷市、倉敷市、倉敷市、倉敷市、倉敷市、倉敷市、倉敷市、倉敷市、倉敷市、岡山市、岡山市、岡山市、岡山市,2021/11/6,土,14
330001,岡山県,赤磐市、倉敷市、倉敷市、岡山市、岡山市、岡山市、岡山市、岡山市、岡山市、岡山市,2021/11/7,日,10
330001,岡山県,倉敷市、岡山市、岡山市、岡山市、岡山市、岡山市,2021/11/8,月,6
330001,岡山県,高梁市、高梁市、岡山市、岡山市、岡山市、岡山市、岡山市、岡山市、岡山市、岡山市、岡山市,2021/11/9,火,11
330001,岡山県,久米南町、高梁市、高梁市、吉備中央町、吉備中央町、倉敷市、倉敷市、倉敷市、倉敷市、倉敷市、岡山市、岡山市、岡山市、岡山市,2021/11/10,水,14
330001,岡山県,総社市、総社市、岡山市、岡山市、岡山市、岡山市、岡山市、岡山市、岡山市,2021/11/11,木,9
330001,岡山県,総社市、総社市、岡山市、岡山市、岡山市、岡山市,2021/11/12,金,6
330001,岡山県,総社市、総社市、総社市、総社市、総社市、総社市、総社市、総社市、総社市、倉敷市、岡山市、岡山市、岡山市、岡山市,2021/11/13,土,14
330001,岡山県,総社市、総社市、総社市、倉敷市、岡山市、岡山市、岡山市、岡山市、岡山市,2021/11/14,日,9
330001,岡山県,総社市、岡山市、岡山市,2021/11/15,月,3
330001,岡山県,倉敷市、岡山市、岡山市、岡山市、岡山市、岡山市、岡山市,2021/11/16,火,7
330001,岡山県,総社市、総社市、総社市、総社市、吉備中央町、倉敷市、倉敷市、岡山市、岡山市、岡山市、岡山市、岡山市、岡山市、岡山市、岡山市、岡山市、岡山市,2021/11/17,水,17
330001,岡山県,総社市、総社市、笠岡市、岡山市、岡山市、岡山市、岡山市、岡山市、岡山市、岡山市、岡山市、岡山市,2021/11/18,木,12
330001,岡山県,倉敷市、岡山市、岡山市、岡山市、岡山市、岡山市、岡山市、岡山市,2021/11/19,金,8
330001,岡山県,総社市、玉野市、県外、岡山市、岡山市,2021/11/20,土,5
330001,岡山県,岡山市、岡山市、岡山市、岡山市、岡山市、岡山市,2021/11/21,日,6
330001,岡山県,,2021/11/22,月,0
330001,岡山県,笠岡市,2021/11/23,火,1
330001,岡山県,倉敷市、岡山市、岡山市、岡山市、岡山市,2021/11/24,水,5
330001,岡山県,久米南町、岡山市、岡山市、岡山市,2021/11/25,木,4
330001,岡山県,岡山市、岡山市、岡山市、岡山市、岡山市、岡山市、岡山市、岡山市、岡山市,2021/11/26,金,9
330001,岡山県,久米南町、笠岡市、岡山市,2021/11/27,土,3
330001,岡山県,,2021/11/28,日,0
330001,岡山県,岡山市、岡山市,2021/11/29,月,2
330001,岡山県,岡山市,2021/11/30,火,1
330001,岡山県,岡山市、岡山市、岡山市、岡山市,2021/12/1,水,4
330001,岡山県,和気町,2021/12/2,木,1
330001,岡山県,,2021/12/3,金,0
330001,岡山県,,2021/12/4,土,0
330001,岡山県,,2021/12/5,日,0
330001,岡山県,,2021/12/6,月,0
330001,岡山県,岡山市、岡山市,2021/12/7,火,2
330001,岡山県,岡山市、岡山市,2021/12/8,水,2
330001,岡山県,,2021/12/9,木,0
330001,岡山県,,2021/12/10,金,0
330001,岡山県,笠岡市,2021/12/11,土,1
330001,岡山県,岡山市,2021/12/12,日,1
330001,岡山県,岡山市、岡山市,2021/12/14,月,2
